Year of enrolment,ID,CS101,CS102,MA101,MA112,MA121,GS101,GS102,PH101,PH102,PH103,PH104,ST111,ST112,ST121,ST122,ST132,CS201,CS202,CS203,CS204,MA201,MA202,MA211,MA212,MA272,GS202,GS203,OR201,OR202,ST203,ST204,ST211,CS301,CS302,CS303,CS304,CS305,CS306,CS307,CS308,CS309,CS311,CS312,CS314,MA307,MA308,MA381,MA382,MA392,CS497,CS501,CS502,CS503,CS504,CS505,CS506,CS507,CS508,CS509,CS510,CS512,CS597,CS598,MA419,SW499,MM507
2005-2008,ST1,40,51,40,NA,40,44,57,40,40,NA,NA,40,50,40,51,NA,53,54,59,46,41,51,55,40,40,63,51,40,40,42,46,40,54,72,47,72,57,50,44,61,40,54,61,45,42,41,50,40,50,75,40,68,40,56,60,46,50,42,67,46,43,63,70,58,63,NA
,ST2,40,40,46,NA,40,48,45,40,52,40,40,45,40,49,41,43,58,61,43,57,45,43,40,40,41,54,47,46,45,49,41,40,60,72,54,64,65,49,52,64,48,46,68,65,40,40,50,41,74,73,52,53,40,46,49,40,41,40,49,40,40,60,70,69,70,NA
,ST3,53,77,45,NA,40,48,50,40,45,40,45,49,40,40,65,44,53,70,61,41,40,56,41,40,43,49,46,47,40,53,61,47,61,70,53,71,57,43,41,55,45,43,64,70,61,54,48,43,44,66,58,86,40,52,54,61,54,41,67,41,40,62,76,63,66,NA
,ST4,40,41,40,NA,40,40,44,40,40,46,40,40,40,47,48,50,51,47,50,51,40,40,40,40,40,58,43,47,50,50,40,40,40,42,50,47,41,40,40,41,46,40,43,47,40,40,52,40,69,66,52,56,46,52,47,58,44,56,55,40,40,66,64,46,66,NA
,ST5,51,52,50,NA,40,67,54,40,42,40,45,40,44,40,68,57,73,40,47,60,45,55,47,40,40,45,40,45,41,54,43,40,40,60,50,57,41,45,49,47,40,48,51,55,43,42,40,48,47,75,51,47,41,66,40,46,52,40,40,64,43,60,71,51,66,NA
,ST6,62,52,71,NA,78,44,66,49,61,40,71,73,62,69,69,43,70,84,69,70,52,74,76,40,72,64,40,68,40,84,79,52,66,90,61,70,61,74,72,73,63,65,86,78,61,80,49,54,62,77,73,89,68,66,64,46,57,52,68,60,60,72,75,78,77,NA
,ST7,45,47,40,NA,40,43,61,40,58,40,62,40,40,49,61,54,54,53,65,55,41,53,44,40,46,62,44,53,50,74,58,51,73,70,73,67,52,44,49,69,40,50,51,53,47,46,50,46,51,73,50,66,40,72,43,44,47,46,48,50,41,66,60,51,62,NA
,ST8,40,49,42,NA,40,41,63,40,40,40,42,40,40,40,51,43,58,40,40,41,40,53,41,44,40,60,48,40,43,51,40,45,40,52,51,64,49,42,60,43,40,52,65,56,40,40,40,40,65,71,65,66,40,45,56,40,54,46,55,60,41,67,64,40,70,NA
,ST9,62,51,64,NA,40,73,61,50,47,40,56,51,44,60,61,58,55,64,76,60,40,44,45,40,48,62,40,49,41,61,43,40,71,67,57,64,53,54,55,47,40,57,55,50,47,40,46,40,74,46,50,50,43,57,54,46,45,47,58,63,40,58,60,46,54,NA
,ST10,54,47,53,NA,41,67,45,41,40,40,51,40,57,40,54,45,53,53,56,41,40,43,59,50,40,60,40,40,49,66,52,40,40,71,63,79,65,42,59,44,40,40,53,75,53,53,48,40,75,68,58,68,40,a54,40,64,54,45,54,50,41,61,69,40,58,NA
,ST11,47,54,47,NA,56,80,47,40,40,40,40,40,40,40,47,40,58,67,66,45,40,60,43,40,54,63,40,47,52,65,55,40,40,54,64,55,52,60,40,51,40,73,41,40,41,50,40,57,66,75,40,54,40,74,61,40,60,55,57,41,41,65,71,63,71,NA
,ST12,55,58,74,NA,40,50,51,40,44,40,49,40,55,43,60,40,61,73,73,54,41,40,58,41,60,57,40,45,60,72,57,51,61,74,51,40,76,42,63,58,71,54,67,55,51,49,66,40,57,70,48,66,51,63,48,55,51,43,49,54,61,66,67,62,71,NA
,ST13,48,53,56,NA,61,74,50,45,40,40,44,47,56,58,67,57,74,84,68,62,46,65,53,48,57,70,40,52,48,69,60,46,77,83,50,74,69,50,63,76,52,60,84,62,50,58,64,58,59,77,57,80,45,72,52,40,51,49,59,60,42,60,63,66,70,NA
,ST14,49,51,47,NA,40,78,50,50,40,40,53,48,49,54,57,46,67,64,56,62,45,54,64,40,40,61,43,54,54,54,49,60,81,77,70,60,71,58,72,43,49,63,48,56,46,41,41,59,87,76,48,66,40,54,50,40,55,47,40,64,43,64,72,40,71,NA
,ST15,73,58,51,NA,54,46,41,40,40,40,60,41,42,50,40,46,69,64,61,62,42,41,64,40,64,63,40,60,51,70,57,61,68,60,43,51,65,44,76,50,60,54,58,60,55,40,60,40,66,78,40,79,40,58,41,44,53,50,54,50,53,45,60,62,65,NA
,ST16,40,60,52,NA,43,53,49,40,40,40,47,40,40,40,66,56,65,50,47,60,44,52,40,40,41,66,45,44,54,64,55,40,66,71,74,50,53,45,74,49,40,53,54,44,51,51,55,41,62,74,50,57,40,66,45,52,45,50,47,50,41,60,63,49,70,NA
,ST17,63,46,44,NA,40,78,73,40,44,45,43,45,45,54,49,62,69,73,77,52,53,57,46,40,41,66,44,47,72,85,51,57,76,77,59,73,69,53,69,62,60,78,73,63,48,48,51,54,96,83,68,86,40,58,57,66,64,53,66,72,42,73,79,61,75,NA
,ST18,48,56,40,NA,40,44,48,55,40,46,40,40,40,41,40,44,64,40,40,41,40,52,41,40,40,56,58,43,40,40,40,40,62,50,46,51,55,43,45,63,40,48,44,41,40,55,40,40,41,58,54,52,56,73,50,67,54,53,52,54,40,50,55,48,58,NA
,ST19,62,55,42,NA,40,42,60,40,40,52,55,42,40,42,47,45,71,50,69,54,51,46,52,47,40,63,40,51,40,58,52,45,47,84,53,80,60,53,64,54,50,70,61,68,51,45,42,40,62,72,69,68,44,60,59,50,55,46,54,50,47,68,61,57,70,NA
,ST20,44,48,40,NA,40,47,50,40,51,44,50,45,41,40,61,58,66,67,67,53,46,43,51,40,43,65,53,57,49,70,66,41,54,59,57,81,45,48,46,67,53,62,52,57,40,46,50,44,62,83,51,57,40,56,58,51,54,49,43,61,40,55,63,54,66,NA
,ST21,59,42,60,NA,40,44,59,42,40,40,66,50,40,53,56,40,65,70,77,67,46,52,52,41,46,58,40,48,54,70,75,40,59,77,61,73,73,59,75,43,62,62,78,67,50,64,60,46,69,76,56,67,62,58,58,46,65,41,60,54,47,54,67,61,63,NA
,ST22,68,57,57,NA,54,74,81,40,41,50,48,56,59,48,60,56,73,79,84,61,46,61,61,40,50,71,55,57,56,86,83,58,77,84,79,87,57,72,65,45,72,79,88,77,58,76,46,71,84,75,70,68,71,67,66,55,63,46,76,80,80,71,86,68,66,NA
,ST23,55,45,40,NA,57,76,60,40,54,40,40,49,47,40,47,44,61,61,63,58,40,40,45,42,46,56,41,46,40,55,40,41,73,63,50,70,65,45,62,44,45,58,60,66,42,40,42,40,54,72,45,66,52,46,55,73,53,45,58,62,43,70,70,60,64,NA
,ST24,40,40,40,NA,48,40,62,47,40,40,40,40,40,40,40,51,61,70,43,40,40,40,50,40,40,51,41,40,40,40,40,41,50,70,50,53,41,46,48,40,41,53,51,57,40,40,55,41,53,50,45,58,51,58,53,47,45,57,51,51,41,66,66,40,56,NA
,ST25,53,40,40,NA,40,64,49,40,40,40,49,40,40,41,57,52,54,70,63,60,40,55,44,40,43,55,46,42,40,51,49,40,45,82,60,71,73,48,70,44,46,61,53,62,40,45,60,50,66,70,66,68,40,50,62,48,60,47,62,61,46,55,62,62,64,NA
,ST26,60,49,40,NA,40,40,51,40,42,50,40,40,40,47,40,40,40,61,69,47,42,54,40,42,40,47,47,45,43,56,40,40,40,58,64,51,40,42,57,42,40,67,43,43,40,50,40,50,53,74,40,45,40,43,40,40,50,40,47,57,41,60,70,40,66,NA
,ST27,66,50,49,NA,51,41,48,40,40,44,40,67,46,41,41,42,59,67,53,46,40,46,40,40,40,60,52,40,40,40,40,40,68,67,60,63,54,40,47,50,40,58,45,53,58,50,46,47,62,75,40,82,40,51,54,46,44,42,63,43,40,55,60,46,65,NA
,ST28,74,61,68,NA,72,60,79,55,49,50,52,45,63,62,74,73,69,76,83,70,53,56,58,40,93,58,40,51,62,74,78,58,65,65,67,50,83,42,64,77,75,62,79,52,47,51,47,40,60,72,72,68,40,68,65,61,62,55,69,58,83,70,82,49,70,NA
,ST29,53,77,64,61,40,51,49,40,46,40,64,53,45,45,40,56,56,43,46,54,56,53,52,66,54,58,49,40,48,48,53,50,81,60,73,67,70,62,40,47,56,43,41,63,55,41,45,60,64,77,55,46,56,76,77,43,50,59,60,55,45,51,65,45,62,NA
,ST30,58,85,42,50,40,91,42,41,40,50,50,84,64,72,60,54,43,80,60,50,53,71,44,42,41,64,41,61,44,76,59,45,77,60,50,54,70,56,64,58,51,66,45,81,53,40,41,57,70,80,50,68,40,66,42,63,57,66,62,68,40,74,77,46,69,NA
,ST31,61,76,62,58,73,85,40,53,50,56,72,64,77,61,60,62,60,80,69,71,64,71,70,71,76,70,58,72,91,84,94,58,81,72,66,61,87,65,67,74,79,72,74,70,63,67,85,61,64,73,72,68,54,83,73,71,62,75,70,69,74,74,81,54,59,NA
,ST32,57,84,63,66,69,63,40,52,52,60,59,70,56,50,55,40,73,53,54,65,71,58,64,71,70,57,55,77,80,60,65,46,69,72,81,60,77,72,67,70,61,55,53,73,61,60,42,45,65,71,50,62,42,76,87,81,52,64,68,57,74,70,62,60,63,NA
,ST33,58,60,40,61,49,46,51,40,40,40,40,48,40,40,50,50,40,67,42,47,72,47,42,40,40,48,42,40,40,46,48,60,65,50,60,58,46,47,48,47,66,53,50,57,48,53,50,46,46,74,50,60,40,67,66,47,43,50,60,54,43,51,57,55,61,NA
,ST34,46,75,47,41,54,63,40,40,40,40,40,47,64,45,47,54,40,50,47,56,60,59,54,40,51,60,47,60,60,66,71,41,46,45,46,43,48,56,55,56,47,43,55,63,55,49,65,47,51,76,50,46,40,72,68,40,45,60,60,48,48,55,60,54,60,NA
,ST35,56,76,45,40,43,85,62,40,40,42,40,58,47,40,48,40,41,73,63,54,52,40,41,65,40,55,48,50,44,40,47,41,79,59,64,57,61,66,67,61,40,40,48,64,49,53,52,55,52,80,40,52,60,76,52,50,40,57,62,58,57,50,60,46,67,NA
,ST36,47,62,48,41,40,40,50,40,40,42,47,57,61,40,53,46,43,50,48,46,42,44,42,46,52,51,40,40,40,68,50,52,62,55,66,40,76,61,67,57,46,53,63,57,43,49,60,70,40,75,46,55,56,67,60,50,50,53,56,40,54,70,74,56,62,NA
,ST37,54,74,61,65,60,66,60,50,47,52,65,40,74,51,49,76,61,63,57,44,63,51,60,75,57,64,40,56,40,78,60,58,64,67,52,57,65,48,75,56,60,56,56,70,40,41,47,52,62,78,45,66,64,54,50,45,40,67,40,44,40,62,58,48,64,NA
,ST38,74,79,45,55,44,68,50,44,41,44,40,71,77,60,41,40,65,67,66,50,53,48,50,44,42,71,54,75,64,53,53,53,69,64,73,47,54,59,65,40,47,47,42,40,51,44,41,41,63,72,63,68,50,60,57,67,51,76,66,50,48,70,61,52,65,NA
,ST39,64,74,43,41,60,76,42,40,41,42,40,56,60,40,47,41,44,50,66,44,52,46,50,44,66,62,41,42,74,63,78,43,80,63,70,54,76,59,67,61,64,65,64,60,54,64,79,62,60,84,51,66,40,76,60,57,45,49,55,49,50,71,78,63,76,NA
,ST40,69,81,49,50,63,61,50,50,50,44,40,65,62,45,40,40,41,43,66,47,44,56,40,40,50,63,51,48,40,70,66,45,72,49,60,66,73,62,45,56,40,41,57,57,55,54,48,52,40,68,45,62,54,54,50,40,51,57,56,51,45,56,45,46,59,NA
,ST41,65,67,65,65,57,40,59,57,54,44,66,64,81,66,56,40,76,77,76,52,51,56,50,71,71,63,54,57,70,69,86,53,77,68,63,60,66,67,67,60,87,75,75,53,44,71,58,72,44,79,46,66,41,64,54,47,75,70,70,67,67,71,65,63,63,NA
,ST42,75,76,83,67,91,75,40,62,59,71,72,74,66,48,50,57,59,77,74,84,52,61,86,66,64,71,59,80,68,72,83,48,82,65,81,68,76,73,59,63,64,70,57,76,65,78,40,70,62,69,74,45,60,82,70,47,57,55,63,71,87,55,56,50,61,NA
,ST43,65,71,58,58,59,86,42,49,50,43,67,72,78,51,52,48,50,48,66,55,47,62,40,53,72,50,41,71,77,67,57,48,72,63,45,49,72,53,67,56,54,70,53,67,60,47,56,53,59,76,45,56,40,55,71,40,47,57,52,47,43,72,80,49,65,NA
,ST44,57,78,40,41,41,66,44,40,40,40,40,48,41,51,42,51,43,47,59,50,41,41,40,40,40,66,48,52,40,49,59,40,67,66,51,55,61,51,67,57,50,44,53,73,40,47,42,44,65,69,50,56,40,61,40,65,40,62,56,56,51,66,60,40,66,NA
,ST45,56,81,58,58,54,63,58,56,50,42,67,78,68,66,87,40,59,43,70,51,66,59,50,45,60,52,54,41,47,85,58,50,76,46,71,65,63,62,67,61,77,57,64,53,55,60,40,61,62,73,56,72,50,61,66,65,60,62,66,62,52,57,71,49,62,NA
,ST46,63,70,41,52,70,67,53,43,47,45,66,59,69,71,44,64,60,73,80,68,48,56,58,78,55,69,50,81,42,78,79,60,78,83,73,79,75,70,48,61,60,49,64,66,46,60,62,56,60,77,62,68,50,89,83,71,79,73,71,60,61,66,67,60,68,NA
,ST47,72,68,57,58,66,65,75,51,42,40,58,48,66,51,50,77,59,67,60,64,53,64,40,41,52,61,49,74,54,85,75,50,84,62,73,66,83,70,59,56,66,71,63,81,54,69,77,60,60,70,67,75,46,79,57,65,52,63,66,63,74,67,68,49,66,NA
,ST48,57,70,56,61,41,89,50,47,44,52,75,75,77,50,46,40,72,53,59,78,52,62,40,51,64,67,41,62,40,76,70,41,79,68,66,71,76,73,68,76,50,62,56,66,56,73,75,60,47,75,63,65,40,87,68,70,65,62,63,64,47,71,62,46,65,NA
,ST49,58,74,41,41,42,63,47,43,40,40,46,49,40,40,40,40,40,47,43,50,41,40,44,40,41,52,52,41,40,40,40,40,80,55,60,66,54,60,55,70,40,52,57,53,40,57,43,58,58,77,54,62,40,72,61,40,61,68,55,51,50,53,68,40,65,NA
,ST50,59,66,54,41,40,48,51,40,40,42,40,61,46,45,44,78,43,53,66,42,47,64,40,40,45,61,51,50,50,73,56,46,57,72,53,60,80,47,67,57,61,45,50,40,59,40,42,41,45,78,56,60,40,75,56,53,58,62,63,58,57,71,73,49,64,NA
,ST51,66,81,44,61,55,45,40,48,40,40,45,41,63,46,58,40,59,70,41,61,61,52,50,40,55,55,54,48,77,58,60,45,66,67,61,71,70,71,64,62,67,60,60,67,49,69,50,40,60,78,45,68,60,81,78,40,61,74,58,59,84,61,79,66,61,NA
,ST52,62,74,77,64,73,89,46,43,54,51,72,70,56,73,70,76,81,70,71,61,62,66,70,60,62,64,53,77,80,63,73,50,73,72,66,67,70,56,59,80,53,67,44,64,57,73,73,50,42,73,55,76,40,84,84,55,64,69,67,57,79,66,58,66,59,NA
,ST53,62,73,48,52,46,68,50,45,40,41,53,58,69,66,40,49,45,70,64,67,57,56,40,54,61,63,45,56,40,66,76,46,68,70,50,65,57,67,53,55,50,66,45,59,51,48,50,70,43,76,56,65,47,70,53,65,46,75,62,59,60,61,58,50,68,NA
,ST54,56,82,44,68,49,87,40,50,40,52,43,40,53,45,50,68,43,57,43,62,44,45,45,40,40,60,48,80,44,72,42,41,62,58,45,40,43,52,60,49,46,40,44,67,41,50,50,65,59,70,55,54,43,66,50,40,47,69,42,48,46,64,66,46,64,NA
,ST55,68,65,52,50,41,89,42,42,40,54,53,50,40,57,52,63,45,80,49,70,52,55,50,52,51,58,40,53,58,49,44,40,44,57,53,72,63,45,67,57,56,51,50,64,41,51,57,53,40,75,67,55,65,58,61,53,52,58,41,47,64,61,65,69,59,NA
,ST56,67,80,51,71,71,86,45,50,59,46,62,55,76,76,50,41,71,77,81,58,60,71,48,80,74,60,45,87,91,66,73,58,61,82,60,64,77,77,46,61,80,64,82,69,42,57,64,41,58,73,74,71,60,56,60,41,58,69,66,72,89,76,75,52,71,NA
,ST57,60,80,48,65,73,62,61,52,44,53,64,71,67,49,54,77,62,60,40,47,50,59,60,55,55,61,54,82,62,80,92,62,73,65,70,62,70,70,59,56,61,53,57,59,53,56,77,45,62,73,43,64,58,79,61,61,54,72,60,57,51,56,67,57,67,NA
,ST58,49,77,46,41,44,42,53,40,40,40,46,54,48,45,46,47,44,60,44,40,42,51,50,44,56,52,50,65,67,61,72,42,66,53,66,51,74,73,56,67,47,53,52,50,57,54,62,66,59,67,46,52,54,68,45,40,40,58,61,49,40,52,65,51,62,NA
,ST59,73,72,50,50,40,48,56,40,47,60,46,53,40,51,47,40,81,77,74,55,40,44,40,40,60,53,45,54,70,44,60,48,62,74,43,69,65,53,64,61,70,74,80,66,40,44,48,47,71,79,60,60,56,56,58,75,67,60,45,66,68,70,77,43,64,NA
,ST60,46,65,59,41,44,81,42,50,44,49,50,64,59,60,40,40,41,47,69,65,54,55,50,65,48,65,44,61,40,69,65,55,66,74,60,46,70,52,67,71,41,61,67,66,47,62,87,56,63,75,45,65,47,64,79,40,54,71,64,51,41,72,68,59,63,NA
,ST61,68,64,41,50,61,42,49,50,48,42,72,76,74,45,61,51,51,53,60,60,51,58,50,65,50,64,46,46,80,83,84,50,78,86,77,66,74,65,60,62,66,54,60,70,61,66,61,61,64,77,54,61,41,79,55,50,50,68,65,59,58,63,45,78,66,NA
2008-2009,ST62,64,60,50,NA,40,41,45,40,40,40,40,40,40,40,42,43,58,60,43,64,43,42,51,40,47,61,45,52,40,57,62,40,40,78,51,53,46,57,43,50,40,48,61,43,41,49,50,41,89,71,58,50,40,54,52,52,47,41,45,53,40,64,67,42,60,NA
,ST63,76,45,40,NA,42,45,50,43,52,40,41,40,40,46,61,40,53,64,53,64,42,57,56,45,41,53,40,40,40,67,55,40,81,72,53,40,63,44,70,54,45,54,54,62,51,50,46,58,54,63,45,82,40,56,50,65,47,44,58,46,41,64,74,49,63,NA
,ST64,45,41,49,NA,43,48,58,40,40,40,41,41,40,41,52,50,44,56,40,48,40,44,55,46,40,57,44,44,45,40,51,40,46,45,40,46,40,50,40,42,41,50,43,52,40,40,42,40,51,60,58,50,40,70,45,40,43,68,57,57,40,52,56,48,60,NA
,ST65,45,40,40,NA,48,40,68,41,55,44,46,47,46,46,40,40,42,50,72,41,40,41,40,40,40,51,50,40,41,42,41,41,49,60,84,41,68,62,43,60,41,40,42,57,40,45,40,40,57,72,46,46,40,64,40,40,50,59,62,50,40,58,63,40,60,NA
,ST66,52,43,53,NA,40,78,82,44,53,40,56,43,43,55,63,50,75,47,69,57,50,50,63,40,40,64,48,63,43,71,40,40,41,74,41,56,53,49,65,53,45,52,58,66,43,43,40,50,57,78,63,58,46,51,57,49,49,43,55,60,41,62,60,52,68,NA
,ST67,66,70,42,41,40,89,45,40,40,46,40,40,45,47,43,51,73,80,46,57,46,40,43,40,48,50,45,65,41,50,51,41,74,51,57,58,55,50,56,54,60,62,52,64,40,41,42,40,45,74,51,58,40,51,52,40,41,63,55,52,42,55,57,48,65,NA
,ST68,60,79,74,62,59,74,64,72,57,66,88,76,59,86,62,43,61,90,63,75,65,53,50,44,60,68,54,85,58,97,86,65,89,65,80,71,75,76,67,66,70,71,65,71,75,63,64,76,67,73,58,65,72,77,68,70,70,63,63,65,61,58,67,56,71,NA
,ST69,58,74,44,55,46,86,55,53,47,50,52,58,55,68,48,75,43,50,47,71,41,60,40,41,53,58,43,59,61,66,53,40,67,61,60,50,50,64,55,44,57,41,45,51,41,41,40,52,44,68,46,61,40,43,57,60,50,55,46,57,43,53,70,56,56,NA
,ST70,68,56,43,41,40,42,43,48,43,40,49,49,40,58,40,68,43,40,66,47,44,41,40,57,44,69,51,48,45,58,48,42,61,47,50,49,42,59,52,43,40,50,49,58,51,52,43,40,52,69,50,50,41,77,45,40,54,59,50,55,42,65,63,40,59,NA
,ST71,53,63,48,65,40,41,56,40,42,60,46,41,49,46,41,64,40,63,57,61,55,47,47,71,45,54,52,61,40,64,50,54,74,49,61,57,64,60,52,60,40,55,41,59,43,55,47,42,68,66,41,54,54,76,68,50,46,53,45,54,50,55,62,50,59,NA
,ST72,40,62,42,41,44,84,45,41,40,52,55,57,43,47,40,40,40,43,54,43,40,40,40,58,40,56,41,40,40,40,40,40,59,48,42,43,52,44,65,60,41,53,45,50,41,52,42,41,62,74,43,65,45,45,40,43,41,56,40,54,42,53,61,40,57,NA
,ST73,63,62,41,67,40,67,47,41,40,46,40,46,40,40,40,40,41,73,40,42,50,50,40,60,42,57,42,58,44,40,41,40,53,42,53,48,45,51,40,59,40,48,49,57,55,47,40,43,47,79,63,51,40,54,52,40,60,65,46,49,41,61,58,56,69,74
,ST74,55,67,51,71,40,41,75,55,40,40,53,66,57,47,42,62,45,67,43,51,53,51,40,50,55,40,41,54,40,52,40,55,62,52,48,50,61,40,45,47,60,46,45,63,40,64,40,40,50,70,46,66,43,45,50,47,40,60,47,43,40,54,63,49,55,40
2009-2010,ST75,54,56,40,NA,40,70,45,41,40,40,41,47,40,40,40,40,41,63,40,63,41,40,40,42,40,52,41,43,48,47,40,40,40,63,66,45,45,44,44,54,40,40,41,40,41,42,46,58,52,62,40,41,49,43,51,52,44,59,40,67,45,62,60,40,62,55
,ST76,57,50,77,60,50,52,49,55,49,48,58,68,44,50,50,74,63,49,61,44,70,40,67,77,55,64,41,75,48,87,64,60,55,80,76,47,68,44,51,60,62,77,60,56,48,50,53,60,45,68,40,42,52,47,53,40,59,54,55,44,43,56,61,40,68,65
,ST77,50,60,48,40,50,48,47,41,71,48,46,40,40,52,40,40,59,63,41,53,41,57,41,58,49,60,52,40,40,48,50,61,45,72,57,40,51,40,41,40,59,54,51,54,41,40,46,50,45,54,40,52,43,63,54,43,42,48,51,44,50,56,65,67,44,55
,ST78,49,50,48,40,42,48,40,48,60,46,45,43,40,40,40,41,58,45,40,72,61,54,40,40,40,57,40,48,51,54,40,40,43,49,46,48,44,40,50,62,40,40,42,58,52,60,40,50,71,63,40,67,54,40,53,48,54,59,40,65,53,65,60,40,58,51
,ST79,40,50,40,40,40,45,40,40,43,42,54,48,40,49,40,47,48,51,40,41,47,46,54,40,58,56,40,49,47,53,40,50,40,61,40,40,61,40,43,52,46,40,40,50,41,63,52,45,51,48,40,77,40,43,40,40,44,40,40,40,62,62,61,50,47,53
,ST80,50,70,60,40,58,72,58,60,55,50,45,40,45,45,40,58,45,73,45,60,71,63,60,40,50,54,53,45,41,40,51,50,50,62,40,63,40,51,59,55,51,54,45,56,40,60,50,43,74,67,45,78,40,40,58,61,55,63,45,56,51,72,66,43,67,50
,ST81,49,47,40,40,43,50,57,45,47,40,43,45,41,40,40,40,50,41,42,49,40,40,46,51,44,49,41,40,40,41,40,51,40,50,61,54,40,40,40,55,40,40,40,58,43,43,40,40,71,53,40,52,46,40,53,45,49,60,40,71,56,67,64,50,54,58
,ST82,47,40,57,43,56,45,54,48,63,55,53,40,45,40,56,42,40,51,40,50,40,45,40,40,64,59,45,41,40,50,54,40,48,58,40,45,81,43,43,56,40,64,42,55,41,40,50,62,55,63,41,61,51,42,57,57,49,60,40,69,57,67,62,52,60,52
,ST83,59,48,40,50,52,48,56,69,50,48,54,40,40,55,40,58,46,40,40,68,44,40,51,54,44,59,46,40,60,51,55,40,44,80,52,48,67,57,41,54,63,51,40,56,40,41,60,60,60,66,46,68,57,44,49,62,55,70,40,68,59,68,74,54,66,47
,ST84,67,46,40,40,43,52,42,62,40,53,48,40,40,40,40,40,45,50,40,50,40,40,57,42,40,61,51,40,41,41,60,40,46,56,51,43,73,40,40,46,46,61,42,56,50,42,54,41,46,69,40,45,40,40,40,51,42,65,40,64,62,77,75,47,69,61
,ST85,47,41,43,54,47,54,50,40,40,51,42,45,40,49,40,41,40,66,46,40,46,40,41,40,52,58,62,42,52,41,40,40,42,50,46,51,68,47,49,52,43,45,54,58,42,40,40,50,46,57,50,52,40,47,50,58,55,65,45,74,58,57,56,51,57,40
,ST86,71,53,40,50,52,73,56,54,40,44,50,40,72,43,40,42,56,60,40,68,45,44,40,40,41,61,60,50,40,54,45,40,45,81,55,45,78,50,54,58,55,67,61,58,41,41,40,54,46,67,61,68,53,48,58,65,45,59,50,78,71,70,64,52,67,55
,ST87,40,48,63,50,40,62,58,50,40,40,53,40,40,45,40,41,52,47,40,77,45,43,42,40,65,59,64,40,73,40,48,40,53,78,61,60,69,52,52,40,40,58,58,51,56,60,62,42,46,62,46,68,44,51,51,41,44,64,43,74,59,64,60,47,62,52
,ST88,54,50,50,40,40,58,53,41,56,40,56,40,54,40,40,40,68,54,42,63,50,40,40,40,42,58,52,68,60,60,40,40,48,58,49,50,69,50,49,58,51,49,50,58,47,50,41,46,44,63,46,72,50,61,53,62,49,62,40,62,52,53,77,47,69,50
,ST89,61,57,46,40,40,43,56,52,42,54,61,44,59,54,40,51,41,75,42,54,50,40,40,44,51,65,40,55,61,75,43,40,46,63,56,51,77,42,40,58,46,58,52,50,40,60,70,65,57,88,40,64,51,51,55,70,44,72,42,71,76,70,67,66,85,40
2010-2011,ST90,40,44,40,NA,40,48,51,40,56,40,44,40,40,40,40,40,53,61,56,46,40,40,49,40,40,48,40,44,40,46,40,40,52,60,41,63,40,42,60,42,40,48,44,62,41,45,44,41,42,63,40,47,40,67,50,40,43,59,45,42,41,50,72,40,56,NA
,ST91,54,56,40,NA,40,70,45,41,40,40,41,47,40,40,40,40,41,63,40,63,41,40,40,42,40,52,41,43,48,47,40,40,40,63,66,45,45,44,44,54,40,40,41,40,41,42,46,58,52,62,40,41,49,43,51,52,44,59,40,67,45,62,60,40,62,55
,ST92,46,46,40,40,50,53,48,41,44,50,40,49,40,40,40,40,45,50,41,46,41,60,41,40,63,55,41,62,52,58,48,40,43,61,46,46,68,55,40,40,40,43,40,66,44,60,60,50,45,68,40,66,54,51,41,55,45,60,46,63,61,69,76,45,68,52
,ST93,57,50,77,60,50,52,49,55,49,48,58,68,44,50,50,74,63,49,61,44,70,40,67,77,55,64,41,75,48,87,64,60,55,80,76,47,68,44,51,60,62,77,60,56,48,50,53,60,45,68,40,42,52,47,53,40,59,54,55,44,43,56,61,40,68,65
,ST94,50,60,48,40,50,48,47,41,71,48,46,40,40,52,40,40,59,63,41,53,41,57,41,58,49,60,52,40,40,48,50,61,45,72,57,40,51,40,41,40,59,54,51,54,41,40,46,50,45,54,40,52,43,63,54,43,42,48,51,44,50,56,65,67,44,55
,ST95,49,50,48,40,42,48,40,48,60,46,45,43,40,40,40,41,58,45,40,72,61,54,40,40,40,57,40,48,51,54,40,40,43,49,46,48,44,40,50,62,40,40,42,58,52,60,40,50,71,63,40,67,54,40,53,48,54,59,40,65,53,65,60,40,58,51
,ST96,40,50,40,40,40,45,40,40,43,42,54,48,40,49,40,47,48,51,40,41,47,46,54,40,58,56,40,49,47,53,40,50,40,61,40,40,61,40,43,52,46,40,40,50,41,63,52,45,51,48,40,77,40,43,40,40,44,40,40,40,62,62,61,50,47,53
,ST97,42,60,57,40,43,40,60,49,49,40,41,50,46,41,40,40,40,47,53,54,48,51,40,52,61,54,44,40,41,41,51,40,40,68,46,48,72,45,40,51,66,43,42,66,40,40,53,50,50,60,40,45,49,40,54,67,48,61,40,57,60,62,62,50,60,41
,ST98,50,70,60,40,58,72,58,60,55,50,45,40,45,45,40,58,45,73,45,60,71,63,60,40,50,54,53,45,41,40,51,50,50,62,40,63,40,51,59,55,51,54,45,56,40,60,50,43,74,67,45,78,40,40,58,61,55,63,45,56,51,72,66,43,67,50
,ST99,49,47,40,40,43,50,57,45,47,40,43,45,41,40,40,40,50,41,42,49,40,40,46,51,44,49,41,40,40,41,40,51,40,50,61,54,40,40,40,55,40,40,40,58,43,43,40,40,71,53,40,52,46,40,53,45,49,60,40,71,56,67,64,50,54,58
,ST100,47,40,57,43,56,45,54,48,63,55,53,40,45,40,56,42,40,51,40,50,40,45,40,40,64,59,45,41,40,50,54,40,48,58,40,45,81,43,43,56,40,64,42,55,41,40,50,62,55,63,41,61,51,42,57,57,49,60,40,69,57,67,62,52,60,52
,ST101,59,48,40,50,52,48,56,69,50,48,54,40,40,55,40,58,46,40,40,68,44,40,51,54,44,59,46,40,60,51,55,40,44,80,52,48,67,57,41,54,63,51,40,56,40,41,60,60,60,66,46,68,57,44,49,62,55,70,40,68,59,68,74,54,66,47
,ST102,67,46,40,40,43,52,42,62,40,53,48,40,40,40,40,40,45,50,40,50,40,40,57,42,40,61,51,40,41,41,60,40,46,56,51,43,73,40,40,46,46,61,42,56,50,42,54,41,46,69,40,45,40,40,40,51,42,65,40,64,62,77,75,47,69,61
,ST103,47,41,43,54,47,54,50,40,40,51,42,45,40,49,40,41,40,66,46,40,46,40,41,40,52,58,62,42,52,41,40,40,42,50,46,51,68,47,49,52,43,45,54,58,42,40,40,50,46,57,50,52,40,47,50,58,55,65,45,74,58,57,56,51,57,40
,ST104,71,53,40,50,52,73,56,54,40,44,50,40,72,43,40,42,56,60,40,68,45,44,40,40,41,61,60,50,40,54,45,40,45,81,55,45,78,50,54,58,55,67,61,58,41,41,40,54,46,67,61,68,53,48,58,65,45,59,50,78,71,70,64,52,67,55
,ST105,59,62,79,62,76,58,60,58,66,44,57,45,59,55,74,66,66,69,47,58,72,51,57,56,74,68,65,75,74,92,72,43,57,81,41,56,88,64,62,40,65,62,62,58,43,41,54,62,53,60,52,73,51,61,60,61,55,71,53,69,62,57,67,60,60,43
,ST106,40,48,63,50,40,62,58,50,40,40,53,40,40,45,40,41,52,47,40,77,45,43,42,40,65,59,64,40,73,40,48,40,53,78,61,60,69,52,52,40,40,58,58,51,56,60,62,42,46,62,46,68,44,51,51,41,44,64,43,74,59,64,60,47,62,52
,ST107,54,50,50,40,40,58,53,41,56,40,56,40,54,40,40,40,68,54,42,63,50,40,40,40,42,58,52,68,60,60,40,40,48,58,49,50,69,50,49,58,51,49,50,58,47,50,41,46,44,63,46,72,50,61,53,62,49,62,40,62,52,53,77,47,69,50
,ST108,76,75,50,60,53,55,60,52,66,40,78,40,57,63,52,40,45,78,56,51,53,77,69,61,70,59,44,78,49,69,61,57,56,71,63,49,83,55,54,78,57,55,72,77,42,50,70,50,40,74,61,58,54,56,67,65,69,65,49,60,52,65,74,66,74,51
,ST109,41,45,47,40,45,56,67,53,57,46,40,45,52,48,40,43,50,51,63,71,70,64,56,68,43,49,56,59,41,56,40,46,51,55,68,49,48,49,47,59,40,40,50,40,52,41,40,44,45,73,50,54,51,45,56,40,51,51,40,53,42,56,62,40,71,45
,ST110,61,49,51,45,60,53,63,44,57,46,69,57,64,71,76,65,89,69,70,77,66,57,50,63,84,69,71,83,68,83,73,51,52,77,50,50,78,61,57,54,76,61,65,65,40,44,52,60,50,56,61,46,70,45,58,58,67,66,54,72,63,68,70,67,56,45
2011-2012,ST111,53,53,52,NA,45,51,61,50,55,40,40,62,45,64,45,NA,60,53,52,56,49,63,40,41,NA,NA,NA,61,49,51,42,40,57,57,52,51,70,40,44,57,41,44,48,51,40,43,42,42,53,68,60,70,40,73,72,50,40,40,50,47,52,62,77,65,60,NA
,ST112,63,45,50,40,41,42,50,45,40,40,52,42,40,41,41,40,40,50,50,46,64,40,40,55,55,51,40,40,50,48,40,40,40,61,40,40,40,50,42,68,40,60,45,58,40,46,56,42,41,63,50,45,40,53,43,70,50,47,51,44,46,66,73,40,63,53
,ST113,63,49,54,45,43,55,75,49,63,40,42,40,54,41,40,41,68,54,50,50,40,41,45,48,46,64,66,48,50,55,40,40,46,51,46,68,64,47,40,52,70,48,59,62,40,40,56,45,54,70,45,68,40,69,54,71,47,69,52,68,60,70,67,57,70,58
,ST114,48,49,47,56,50,43,50,52,51,40,43,45,60,52,40,56,54,55,40,46,47,40,44,49,40,40,52,45,40,65,50,52,45,40,44,53,67,48,57,40,40,50,40,40,45,42,60,54,41,61,45,41,40,61,43,42,41,55,41,50,54,65,64,40,61,52
,ST115,60,50,40,40,40,41,40,44,45,49,61,40,45,40,40,40,48,52,40,65,40,43,40,40,44,42,40,45,40,43,40,40,40,46,44,40,68,40,50,48,40,60,40,52,46,50,48,49,66,62,40,45,49,52,43,49,53,55,64,55,42,60,73,49,62,40
,ST116,70,77,40,40,58,48,51,40,58,40,81,46,68,55,46,61,57,62,40,49,41,47,41,40,40,54,40,40,50,63,60,42,59,67,54,58,69,50,40,40,43,57,58,41,50,52,60,53,54,68,48,40,40,51,59,50,59,69,53,59,46,60,67,42,68,55
,ST117,57,51,40,40,52,40,46,43,42,44,40,40,40,50,40,42,47,61,43,62,54,47,43,40,54,52,47,40,43,59,40,40,54,58,66,56,43,70,52,64,63,66,64,56,53,53,60,53,46,84,50,55,43,44,52,59,51,66,53,71,48,72,78,58,84,45
,ST118,70,62,40,40,40,51,41,40,46,40,57,47,40,52,40,40,45,66,60,48,40,40,40,40,55,60,41,43,40,67,40,40,53,49,53,50,44,42,54,44,40,41,52,48,40,42,47,43,63,65,40,47,40,58,60,62,53,64,48,71,80,72,83,49,65,56
,ST119,63,65,45,50,52,44,40,42,56,46,55,50,56,53,46,41,56,55,40,68,64,43,40,41,49,45,43,40,66,47,40,40,47,55,49,40,56,52,52,70,40,72,45,43,50,62,40,52,68,74,41,70,61,51,48,46,51,62,72,68,60,70,78,69,74,45
,ST120,67,50,40,40,49,51,54,43,44,43,55,40,40,82,40,40,70,78,56,44,40,56,40,47,61,68,43,48,40,85,47,41,50,70,48,47,55,54,44,45,41,40,53,50,40,50,55,40,54,66,40,57,40,66,59,55,48,70,48,59,61,70,83,45,66,52
,ST121,56,58,40,43,41,40,40,49,48,40,48,40,53,40,43,40,56,55,40,53,40,61,40,40,40,59,43,40,62,40,46,40,57,40,58,49,42,40,52,42,50,50,55,63,45,43,40,62,79,75,50,53,51,51,48,70,40,62,57,76,55,72,78,48,75,53
,ST122,64,60,56,40,57,68,51,41,54,49,40,52,40,74,66,72,67,69,50,65,49,49,45,70,68,56,57,42,58,60,78,45,52,68,52,67,57,60,53,66,70,46,64,50,41,63,50,72,57,73,53,56,53,52,81,66,68,66,65,77,50,61,82,65,73,54
,ST123,62,58,45,48,50,42,50,47,55,40,40,40,44,57,67,40,64,65,51,65,40,40,43,47,58,57,56,40,44,46,56,40,53,65,54,61,57,81,46,68,53,60,48,52,49,40,62,52,55,66,41,63,46,51,66,52,54,56,59,71,55,72,76,65,66,53
,ST124,62,64,79,58,74,63,54,60,81,93,72,78,70,96,76,79,58,68,60,62,83,84,75,70,92,65,64,72,65,71,71,82,64,79,67,82,79,60,54,71,97,72,85,79,60,73,73,68,68,82,64,73,64,58,86,67,68,70,75,79,85,75,76,72,82,52
,ST125,77,65,71,48,54,52,60,43,61,50,58,50,60,91,74,78,73,75,52,53,70,40,55,43,75,69,62,47,56,60,66,50,60,70,68,75,42,57,54,71,77,68,81,76,47,53,65,71,66,79,51,78,40,52,73,56,64,66,52,70,56,61,74,66,79,54
,ST126,56,45,50,48,45,56,50,41,61,42,40,40,48,48,50,50,53,58,40,65,47,40,40,49,54,60,40,49,63,45,51,40,42,56,53,68,87,79,57,64,60,68,43,50,60,49,50,57,68,67,46,64,56,54,66,59,40,67,49,68,61,61,80,57,67,48
,ST127,62,44,42,40,40,62,45,45,40,42,40,50,40,45,43,51,53,64,40,53,40,50,40,55,71,50,40,40,40,53,42,50,45,47,53,46,49,54,48,55,53,54,45,51,43,50,42,60,62,65,57,55,40,51,43,40,47,61,49,61,50,63,80,49,65,55
,ST128,65,74,80,55,88,50,45,56,63,70,66,78,74,79,74,75,64,69,61,56,63,77,60,78,69,74,63,72,69,78,79,71,70,71,62,69,70,42,49,78,90,56,81,52,45,71,66,65,75,77,60,56,61,55,66,69,70,69,73,77,51,71,78,83,77,54
,ST129,57,60,55,40,52,45,45,42,55,40,40,41,40,56,42,46,56,48,46,56,40,43,40,51,40,61,60,45,69,50,58,40,61,67,62,71,41,72,58,68,60,75,52,40,40,65,62,58,71,66,56,50,40,41,52,52,51,71,57,74,62,75,78,75,66,50
,ST130,51,61,50,40,45,40,40,43,43,50,40,40,47,40,40,40,41,51,56,58,46,41,42,40,40,49,40,40,52,41,40,40,54,55,53,61,48,52,50,48,63,60,43,54,52,51,59,50,48,74,50,40,43,45,52,53,63,57,56,62,40,65,77,54,74,48
,ST131,48,50,40,40,44,69,47,40,52,42,40,40,40,50,40,40,64,46,64,49,40,53,40,40,40,66,50,40,44,40,45,40,44,65,59,40,40,47,48,55,50,66,50,65,40,40,50,65,53,77,56,58,40,42,78,53,40,59,51,62,40,61,74,55,77,49
,ST132,53,52,50,40,50,56,60,51,48,48,43,40,51,65,57,60,58,69,50,58,51,50,43,49,68,57,44,40,60,63,88,50,48,71,55,57,91,50,49,69,73,62,58,76,53,64,45,65,79,70,50,63,40,51,58,60,46,66,61,65,47,61,80,65,70,50
,ST133,41,51,53,41,54,66,40,40,54,40,49,40,40,49,45,40,58,56,58,44,40,40,40,51,40,59,40,45,50,40,52,47,48,57,64,51,57,74,50,64,53,73,58,61,57,58,61,58,46,72,72,60,59,55,52,60,54,65,65,76,72,62,80,63,72,56
,ST134,64,57,53,47,66,60,45,49,44,70,80,72,51,70,75,50,61,77,40,62,64,41,52,48,62,63,48,53,65,62,48,68,59,65,64,73,50,53,59,60,87,40,72,79,40,50,68,71,51,78,57,73,64,57,53,53,68,66,64,75,71,73,76,74,78,51
,ST135,56,56,46,40,40,55,50,40,48,40,50,54,40,56,43,45,58,42,55,65,40,41,41,40,56,67,50,40,51,51,46,40,54,55,49,55,42,50,54,67,47,40,60,72,48,70,53,63,40,80,51,66,40,52,48,53,56,69,63,71,57,73,76,53,80,46
,ST136,64,63,40,50,52,50,45,51,58,49,46,47,50,68,77,40,67,68,63,58,43,40,42,42,46,67,40,40,73,60,54,40,45,50,54,69,56,45,54,63,70,54,53,55,40,56,67,59,66,83,50,50,57,45,48,68,46,62,52,70,49,74,76,75,83,43
,ST137,47,61,40,47,46,63,52,51,57,40,52,50,53,41,57,41,67,71,42,56,51,40,50,42,52,56,44,40,60,51,61,40,49,57,61,69,40,70,56,61,83,60,61,50,50,42,60,48,51,71,46,54,40,57,56,63,53,63,61,78,62,62,82,58,71,50
,ST138,65,61,56,50,52,51,45,44,64,47,40,64,58,60,51,40,53,64,40,56,40,40,40,55,58,60,40,60,67,40,72,40,41,60,54,78,40,74,56,66,57,66,57,63,66,51,53,63,60,65,53,47,40,52,79,62,54,65,62,59,65,60,80,74,65,45
,ST139,60,43,47,41,40,50,53,40,73,48,40,57,53,50,57,80,67,40,40,58,40,41,40,47,51,61,58,53,43,71,56,40,52,65,51,82,43,60,45,68,77,72,70,68,53,60,69,48,79,76,57,64,53,57,76,67,63,70,66,81,48,64,82,82,76,57
,ST140,66,62,48,50,50,68,46,48,49,47,44,51,49,59,61,60,73,58,60,56,66,59,45,64,65,58,40,42,66,58,82,42,56,67,72,73,41,51,45,65,77,75,53,66,40,52,62,45,66,78,62,67,40,52,76,59,71,64,59,66,66,61,82,63,78,52
,ST141,55,63,46,40,40,64,50,42,68,40,40,50,46,61,51,44,81,68,50,65,49,46,52,63,84,67,45,67,56,77,49,62,54,66,66,69,40,71,54,71,80,77,66,55,47,67,70,70,62,75,61,67,40,40,86,59,53,66,62,75,62,65,80,64,75,51
,ST142,46,50,40,40,51,40,45,42,52,40,62,40,40,40,54,41,58,59,63,46,57,40,40,61,52,40,50,40,46,46,44,40,50,67,68,50,40,61,50,65,50,55,45,42,41,49,51,40,57,70,47,54,40,52,56,50,47,67,62,75,61,61,82,82,70,64
,ST143,58,62,68,47,62,73,64,56,72,72,42,54,57,75,80,59,56,77,50,65,53,74,60,61,84,71,65,40,63,51,52,68,58,57,67,60,53,70,44,78,83,67,77,55,64,53,43,69,73,83,53,70,40,61,55,62,67,73,76,74,64,75,76,69,83,48
,ST144,56,60,56,60,55,45,56,48,58,55,41,57,43,50,65,40,50,58,53,53,63,53,40,45,67,56,47,45,53,43,76,44,44,66,53,60,55,67,52,58,53,54,46,51,44,51,80,61,60,67,54,52,40,42,61,47,68,57,61,61,50,60,74,58,67,43
,ST145,70,64,67,54,70,60,63,57,73,75,43,62,62,57,71,82,67,82,60,65,53,67,57,72,91,72,64,71,72,70,94,56,62,74,70,75,66,83,48,73,97,75,84,72,57,81,80,79,82,89,68,84,60,55,81,52,58,68,74,71,80,77,78,78,89,55
,ST146,48,50,58,40,42,54,50,40,59,40,40,40,51,40,53,40,56,56,40,53,40,40,40,41,64,53,40,54,54,51,71,40,58,52,56,45,92,56,46,71,60,69,55,63,40,48,60,62,62,63,53,77,40,51,85,49,54,65,59,62,74,62,77,71,63,54
,ST147,56,50,46,40,60,40,50,49,51,40,40,40,41,55,46,44,43,56,60,56,40,42,40,40,44,50,41,40,63,51,54,40,42,45,50,57,41,54,48,52,50,68,66,40,47,45,60,53,51,72,54,52,43,42,53,53,40,62,56,57,47,60,74,57,72,40
,ST148,56,64,45,53,40,72,50,61,48,40,61,47,40,62,50,41,64,55,63,53,40,45,40,40,58,57,53,43,69,51,78,40,44,66,64,57,51,50,49,56,77,65,64,68,55,40,63,59,60,70,51,63,40,45,66,52,66,67,54,67,51,61,74,77,70,52
,ST149,51,63,40,41,44,40,40,43,68,42,50,40,45,42,40,40,56,65,54,77,40,53,40,40,45,55,46,40,50,54,68,41,48,56,59,56,41,60,40,66,63,72,53,67,50,48,60,58,60,66,59,65,40,51,69,62,66,62,71,69,62,60,74,64,66,64
,ST150,62,65,62,45,55,45,46,54,54,63,43,41,50,81,63,53,53,54,40,53,53,42,50,40,58,62,40,64,68,56,74,50,53,60,64,40,59,51,52,80,77,60,63,40,40,51,70,60,48,73,57,63,41,51,66,59,53,56,42,55,51,71,78,65,73,47
,ST151,80,64,79,51,75,74,57,63,61,81,82,61,57,85,76,53,73,86,57,71,73,49,67,72,78,69,56,63,80,83,78,46,57,77,68,77,59,54,48,65,80,67,82,68,47,44,50,53,53,87,47,66,49,57,69,47,73,73,57,80,66,73,78,55,87,50
,ST152,64,70,58,40,70,51,55,51,77,49,70,77,62,74,66,67,58,48,40,62,63,63,50,63,86,67,53,63,76,47,72,46,64,71,74,68,42,80,46,67,73,68,76,41,64,71,60,72,77,81,53,67,51,57,51,66,58,70,72,71,49,72,78,78,81,50
,ST153,42,53,60,45,46,41,40,47,41,54,60,74,55,60,54,50,58,68,45,44,50,66,61,59,81,46,40,42,53,45,54,65,43,68,53,46,40,51,44,66,43,60,45,46,44,44,50,61,51,60,46,58,40,45,43,56,58,51,56,41,53,62,77,60,60,41
,ST154,42,52,40,40,50,50,40,49,64,61,40,40,57,57,68,50,41,40,50,68,51,40,40,54,41,54,50,42,45,41,52,50,46,56,50,56,51,50,50,65,60,50,62,51,49,52,50,55,66,77,65,53,40,54,43,46,48,68,63,73,63,63,77,54,77,42
,ST155,42,60,51,40,40,40,50,44,48,40,40,40,40,50,45,48,58,52,44,49,44,40,41,46,40,58,42,40,40,45,54,40,42,47,48,45,49,60,52,54,67,68,57,40,40,44,57,54,73,83,50,46,49,54,52,62,56,66,64,74,55,73,78,55,83,44
,ST156,42,60,51,40,40,40,50,44,48,40,40,40,40,50,45,48,58,52,44,49,44,40,41,46,40,58,42,40,40,45,54,40,42,47,48,45,49,60,52,54,67,68,57,40,40,44,57,54,73,83,50,46,49,54,52,62,56,66,64,74,55,73,78,55,83,44
,ST157,72,63,58,46,68,57,61,55,75,50,57,67,46,72,71,60,50,44,48,62,47,40,52,44,72,74,70,59,44,66,79,50,62,56,63,49,71,60,41,75,53,76,70,46,67,55,50,76,53,76,61,55,50,51,79,56,54,73,68,75,55,75,78,61,76,59
,ST158,60,63,63,45,79,53,51,57,81,72,83,65,58,60,77,60,64,62,70,77,60,69,58,69,94,72,61,72,56,72,56,60,67,65,50,76,63,55,56,71,83,56,87,60,55,60,70,74,71,76,63,73,59,52,66,57,54,73,73,76,68,72,76,81,76,48
,ST159,55,64,40,52,40,48,50,51,50,40,40,41,40,41,50,40,47,40,40,68,40,40,40,40,40,45,47,40,52,40,44,42,50,45,50,53,43,60,50,65,50,40,61,60,41,45,60,54,57,79,50,50,49,62,66,59,64,67,71,76,56,73,76,63,79,46
,ST160,60,62,71,57,82,61,46,55,57,74,40,87,70,75,54,58,73,64,60,65,69,69,60,41,86,64,68,50,60,70,97,60,61,57,50,61,42,64,60,71,60,54,65,63,47,66,60,61,83,76,40,64,59,45,83,46,57,70,60,76,54,60,77,69,76,50
,ST161,51,50,48,45,40,48,40,43,45,40,50,45,40,43,40,40,56,51,40,44,44,45,42,55,40,57,50,40,45,43,43,40,52,62,67,54,57,54,48,43,50,72,48,51,40,40,50,60,50,70,46,47,40,51,48,57,66,54,61,59,73,61,74,52,70,42
,ST162,50,52,41,50,60,50,47,47,44,43,40,51,40,60,70,42,78,41,60,44,40,46,48,69,40,64,41,52,50,45,42,45,47,71,57,72,53,60,54,67,67,51,46,55,41,55,60,48,46,79,46,67,41,51,82,56,57,64,57,65,68,61,80,58,79,50
,ST163,58,71,58,50,40,50,55,45,51,51,40,42,45,47,43,41,53,45,50,56,44,41,40,61,56,64,47,40,63,63,66,41,46,70,48,66,51,54,46,56,63,66,71,63,40,57,55,58,71,77,47,52,51,52,78,63,46,58,62,64,50,72,76,66,77,53
,ST164,50,50,43,40,61,40,50,44,54,40,40,70,40,50,54,50,58,54,41,77,56,49,40,54,66,60,46,40,66,47,69,45,53,65,47,59,40,52,50,56,43,68,60,63,40,54,73,58,64,81,51,61,47,47,52,59,54,65,56,62,58,76,78,58,81,45
,ST165,60,62,78,52,64,45,50,60,49,54,47,78,73,70,82,76,58,79,50,56,54,61,70,65,82,64,54,52,67,72,82,60,53,65,53,64,62,50,45,61,73,55,60,72,52,47,60,52,57,85,56,68,40,54,43,60,61,60,52,71,58,75,78,71,85,51
,ST166,58,47,40,40,57,51,50,48,50,40,40,40,40,48,40,40,50,52,60,46,40,40,40,54,56,64,40,46,50,40,65,40,46,67,52,49,42,64,46,57,57,62,40,46,40,40,40,40,53,75,45,55,47,54,62,57,40,63,58,73,57,74,78,40,75,45
,ST167,56,45,47,40,80,64,53,45,48,42,44,40,40,41,52,40,56,56,42,65,43,51,41,45,48,52,40,41,51,42,40,40,40,70,62,63,56,46,45,53,47,62,48,45,40,48,50,53,68,75,46,50,40,54,52,42,40,56,58,45,56,63,82,48,75,45
2012-2013,ST168,73,68,54,40,48,71,41,55,40,42,49,57,41,57,40,40,60,77,40,58,47,40,49,40,43,50,44,78,40,41,40,50,61,61,46,57,44,41,40,43,51,45,41,49,60,40,40,50,54,65,40,40,40,42,42,43,48,52,48,48,40,63,64,50,61,55
,ST169,59,57,50,45,50,51,51,54,40,56,40,40,47,58,45,41,53,56,52,60,52,40,46,40,51,47,47,80,50,45,43,41,52,43,66,51,51,61,45,47,47,75,56,47,41,40,40,47,46,69,46,48,45,58,48,45,53,59,53,45,50,75,73,50,69,60
,ST170,61,72,66,40,49,64,72,63,50,40,50,54,86,48,51,50,62,54,60,66,59,49,54,57,55,51,57,75,46,55,41,50,58,66,56,51,77,82,52,63,48,54,61,61,41,40,43,53,70,72,67,45,61,50,44,83,50,66,68,63,74,74,76,70,72,54
,ST171,50,64,73,49,42,67,64,54,67,70,54,61,76,75,69,76,60,50,62,64,68,56,77,90,50,63,40,76,72,70,64,55,53,62,80,60,80,84,40,54,67,68,68,53,52,40,46,59,66,72,53,83,42,55,58,82,54,75,53,46,44,69,71,77,72,57
,ST172,66,55,54,65,44,73,56,45,42,60,40,56,40,40,45,41,50,57,40,40,52,42,51,62,50,55,45,43,42,41,44,40,43,72,64,78,71,73,40,53,54,52,73,57,40,60,46,40,70,84,57,61,40,47,40,78,61,66,54,65,40,75,70,52,84,50
,ST173,55,66,79,61,53,75,60,66,66,52,74,80,60,71,48,66,90,66,77,61,51,50,88,71,50,63,60,78,66,63,40,56,51,65,67,73,65,69,54,74,71,66,70,57,45,40,40,45,78,73,61,72,54,50,58,74,53,NA,NA,NA,NA,NA,NA,NA,NA,NA
,ST174,49,78,50,40,40,73,41,43,40,48,40,40,40,41,40,70,53,71,70,40,42,40,46,42,50,50,40,71,57,41,40,40,56,40,64,52,63,65,40,64,54,52,65,50,42,51,60,44,60,72,57,65,55,52,61,70,63,69,62,57,53,76,72,51,72,50
,ST175,83,43,73,43,52,76,56,60,65,50,60,77,57,53,60,91,60,72,71,66,74,84,81,72,50,66,48,80,74,60,40,57,69,60,70,80,75,86,41,71,71,60,77,70,49,60,54,56,59,80,64,51,61,52,75,61,68,84,73,71,74,74,71,77,80,65
,ST176,73,64,55,50,40,74,40,50,45,42,48,53,73,40,44,40,71,70,57,54,54,60,51,42,59,48,45,68,45,40,44,40,42,46,59,45,51,61,47,67,50,62,62,50,41,40,46,50,60,73,57,48,54,58,45,61,51,70,57,63,61,77,71,51,73,61
,ST177,49,52,50,42,40,53,61,46,53,50,40,45,51,40,40,45,53,66,55,71,40,40,51,55,50,61,54,78,67,50,40,40,66,62,68,77,73,85,40,75,56,66,70,66,58,53,51,51,60,83,62,67,54,55,61,77,83,69,61,70,85,74,72,57,83,71
,ST178,72,62,79,50,46,68,40,46,42,44,51,56,53,50,48,76,53,45,62,62,51,52,64,72,58,58,40,76,55,46,55,50,57,43,61,56,51,75,40,79,59,75,58,70,49,40,46,40,50,72,58,48,45,55,40,83,50,66,47,55,51,69,73,64,72,68
,ST179,60,64,52,45,40,68,55,40,44,44,51,40,40,48,40,40,48,48,62,67,48,41,41,46,55,53,40,52,53,45,40,40,56,50,69,51,44,68,40,49,47,61,67,53,46,56,46,47,50,78,48,70,49,47,63,78,50,70,56,70,51,74,71,45,78,57
,ST180,73,69,70,46,79,65,69,57,52,50,71,65,77,61,53,47,100,78,74,74,51,58,83,62,50,62,51,84,64,70,60,70,66,64,67,66,40,79,59,72,77,61,71,70,50,41,81,51,57,75,70,77,61,50,70,74,64,68,60,62,60,74,75,57,75,86
,ST181,76,64,61,42,52,69,55,40,49,52,49,40,51,75,40,50,51,57,61,68,41,40,40,74,55,63,46,53,63,45,65,40,59,64,61,53,72,74,44,71,46,67,64,61,41,41,74,42,50,71,51,77,51,64,42,82,54,76,56,67,60,74,72,62,71,58
,ST182,58,64,58,40,51,78,41,40,61,52,62,49,56,66,54,40,50,61,70,66,58,64,75,42,52,54,51,63,71,60,40,60,56,40,61,71,81,67,40,58,40,67,64,70,77,40,51,56,55,74,52,61,51,61,54,65,53,64,59,63,57,69,70,50,74,70
,ST183,62,74,67,41,40,59,62,78,41,44,41,40,91,55,62,50,57,77,72,78,49,50,70,66,50,58,65,72,64,50,60,50,64,72,69,66,71,62,43,68,68,62,70,50,41,40,74,42,46,81,65,61,64,61,54,61,50,68,64,58,80,78,75,60,81,70
,ST184,53,56,61,41,78,70,69,40,40,42,40,40,55,55,41,47,43,55,70,68,48,57,45,50,50,55,42,56,46,40,60,43,63,70,66,61,64,68,52,69,48,60,57,47,40,41,57,42,50,70,49,58,58,58,50,62,50,68,47,72,54,74,75,50,70,57
,ST185,63,56,56,45,44,71,64,50,59,44,57,45,86,72,62,53,47,52,81,78,61,59,70,80,50,62,53,64,71,73,50,53,65,72,66,70,71,97,41,68,56,67,66,50,61,47,54,53,60,80,61,81,55,52,51,78,50,75,65,70,68,74,66,72,80,61
,ST186,59,66,45,45,40,63,58,51,47,46,58,40,48,70,43,50,50,57,62,60,42,40,41,46,50,51,44,63,41,50,40,40,42,40,69,62,61,68,40,53,48,66,53,47,42,40,46,40,50,69,48,48,51,61,40,67,50,67,52,67,57,77,72,54,69,74
,ST187,51,59,64,40,49,66,49,54,49,52,71,40,60,83,51,63,52,60,54,72,56,64,71,50,63,70,55,62,64,71,40,54,56,46,72,73,70,70,52,76,59,71,54,57,60,47,51,53,80,74,60,72,56,58,57,72,67,71,59,71,65,74,76,60,74,64
,ST188,64,71,83,60,60,75,42,61,50,44,92,87,84,60,61,66,62,51,68,66,68,64,90,56,61,66,50,68,78,60,70,54,61,45,59,70,82,55,40,59,50,54,69,48,48,40,66,57,80,74,53,58,52,58,54,63,50,76,64,63,60,77,71,64,74,64
,ST189,69,57,64,57,53,59,62,44,57,56,62,66,67,60,49,57,67,57,76,58,56,66,70,56,50,66,61,59,53,50,40,46,69,65,59,65,53,82,46,73,50,67,76,66,76,51,46,59,60,80,63,79,46,58,57,74,66,77,71,76,83,74,74,74,80,76
,ST190,60,57,62,45,44,65,46,48,47,52,57,50,63,56,40,43,43,57,57,62,42,40,45,45,56,41,40,54,55,41,64,40,40,43,61,56,79,57,40,69,40,65,57,50,52,40,40,53,49,70,51,62,44,52,55,68,45,74,48,44,45,69,73,45,70,40
,ST191,66,54,78,41,68,74,67,55,64,62,76,73,95,55,62,60,73,72,70,64,75,74,85,71,50,56,46,54,46,62,45,60,73,71,81,67,73,92,47,86,88,70,75,83,52,58,57,77,78,75,72,84,71,64,66,88,68,77,65,75,83,74,72,73,75,75
,ST192,67,60,65,56,53,73,44,52,66,46,62,67,91,65,59,54,62,76,70,68,81,79,76,80,57,45,56,78,62,60,60,64,66,57,78,76,62,84,40,64,67,75,70,57,66,70,66,43,70,75,51,75,61,58,65,60,60,63,62,58,60,69,75,65,75,75
,ST193,54,58,77,45,42,68,57,50,46,50,50,68,66,68,45,60,67,55,57,60,66,51,71,65,52,59,60,58,62,61,53,53,68,41,64,78,75,82,50,71,66,65,66,61,42,63,46,40,70,68,51,62,58,47,48,58,67,70,52,77,75,74,73,77,68,64
,ST194,68,60,65,55,60,76,63,44,49,58,55,48,71,79,40,79,51,60,66,68,40,66,61,46,50,51,56,67,58,66,40,40,63,61,69,53,57,84,42,71,47,73,70,53,53,61,70,51,78,82,72,50,48,58,60,66,68,79,61,80,71,74,73,77,82,55
,ST195,70,60,41,41,69,66,60,41,46,46,40,51,60,50,43,48,51,47,61,66,58,40,46,40,50,62,40,57,52,40,50,40,45,50,72,41,53,62,50,60,40,61,62,50,42,55,51,50,45,70,46,48,55,47,48,74,50,65,44,52,48,77,72,40,70,57
,ST196,63,56,75,45,49,78,50,68,70,44,59,79,92,53,61,89,89,63,61,52,59,56,84,64,50,53,40,57,54,51,50,56,53,42,61,77,75,78,44,78,55,62,60,66,40,40,51,54,70,78,65,61,59,64,43,70,64,61,57,55,58,74,72,67,78,59
,ST197,63,61,56,40,40,60,61,40,40,50,43,42,66,45,53,56,45,50,61,68,46,41,41,42,50,62,50,64,43,60,57,42,46,59,50,44,62,71,40,77,40,68,60,40,44,50,51,55,53,77,57,48,41,52,46,58,50,68,50,52,53,75,72,60,77,41
,ST198,56,52,63,46,46,69,53,45,58,50,58,45,67,62,41,89,50,51,70,78,77,62,41,50,55,62,43,60,61,55,50,40,46,61,53,63,61,90,50,75,58,66,54,57,43,60,51,44,66,83,65,72,58,55,55,78,64,77,59,68,50,74,76,54,83,72
,ST199,72,58,78,60,62,73,67,81,80,78,72,82,94,77,68,76,83,74,84,76,74,58,85,82,57,65,54,84,71,67,61,77,72,72,78,80,62,75,61,80,90,70,76,50,76,83,89,47,70,73,70,78,61,58,66,81,69,72,69,68,91,74,72,65,73,83
,ST200,66,64,74,61,49,79,51,52,70,54,62,65,86,81,73,89,79,67,60,74,54,45,52,50,61,67,52,74,80,51,63,57,61,56,70,52,74,80,50,80,73,73,69,47,43,40,60,43,60,76,61,65,51,58,62,73,66,70,64,65,67,76,73,70,76,67
,ST201,61,64,52,41,40,69,47,53,48,48,53,49,43,61,60,63,62,52,60,62,54,56,51,43,50,55,40,70,41,50,45,40,69,45,68,41,54,65,40,55,46,54,72,40,48,40,54,54,57,76,60,51,46,47,40,58,55,61,61,65,50,74,80,56,76,62
,ST202,51,58,43,40,42,69,53,40,40,40,40,40,53,40,40,70,45,61,56,50,54,68,41,42,50,48,40,51,52,47,40,42,55,43,64,63,55,61,40,51,61,55,50,40,40,61,74,50,71,71,58,58,51,50,40,78,45,61,44,59,53,76,73,70,71,54
,ST203,70,70,78,60,68,52,51,52,56,48,72,75,90,80,62,57,50,70,66,68,62,54,79,80,52,40,40,77,73,71,60,48,59,70,61,80,62,83,41,70,64,63,70,74,65,60,46,52,80,81,68,75,42,55,50,80,69,74,59,61,65,76,72,82,81,42
,ST204,49,64,55,40,40,70,52,44,51,44,53,40,40,48,40,84,50,65,65,54,52,50,51,71,50,48,47,71,64,64,40,40,46,42,64,62,71,87,40,67,51,64,61,57,45,50,40,42,60,70,54,58,46,61,52,75,51,68,55,61,74,74,75,72,70,65
,ST205,71,75,68,46,40,58,67,50,58,50,46,53,64,49,40,74,50,62,73,71,56,41,51,41,50,51,55,63,56,60,40,46,62,51,75,72,74,71,60,72,52,63,63,53,56,40,54,48,60,72,60,58,61,52,67,68,80,68,41,73,70,74,71,63,72,58
,ST206,79,58,72,54,40,67,72,61,68,58,70,61,90,50,61,89,74,70,81,70,66,56,70,85,74,60,61,62,57,60,60,60,65,66,80,70,83,97,60,91,86,77,75,83,70,70,60,50,70,78,70,58,66,47,70,78,81,58,59,69,55,74,72,80,78,82
,ST207,79,68,60,41,49,71,51,47,40,42,48,47,71,62,46,50,79,65,61,62,56,56,51,61,50,64,62,72,51,70,40,57,62,53,61,60,63,89,50,68,58,57,60,53,41,41,51,42,60,76,51,75,49,40,40,70,54,68,59,58,61,69,73,70,76,64
,ST208,65,68,44,45,42,60,62,51,50,42,42,51,56,63,47,50,50,54,47,56,51,49,40,41,55,52,54,61,62,40,40,40,68,58,53,47,70,64,40,61,50,71,47,58,41,40,51,50,70,71,60,68,44,61,54,65,65,63,65,54,61,76,70,61,71,54
,ST209,69,53,67,46,46,74,63,51,61,42,47,53,67,58,53,53,87,64,67,60,59,50,50,41,61,64,60,50,53,60,41,62,56,48,70,68,73,77,40,71,64,71,71,66,40,41,60,42,60,76,66,51,75,52,63,76,70,63,59,67,60,78,73,72,76,71
,ST210,49,49,44,40,40,52,46,51,56,46,42,40,58,58,40,40,43,61,60,62,49,42,41,40,42,40,60,40,60,40,40,40,57,72,68,46,62,69,41,70,55,70,56,47,41,40,65,50,60,80,58,61,55,58,41,47,61,70,56,69,47,76,72,57,80,60
,ST211,76,71,75,50,40,71,50,51,59,50,62,71,80,69,59,79,57,66,80,66,75,78,77,51,50,54,48,83,60,70,70,62,60,55,78,75,80,71,40,77,76,65,62,70,49,40,66,40,67,81,66,79,68,58,57,76,64,66,59,68,83,77,72,78,81,77
,ST212,56,59,45,54,53,75,60,48,63,62,58,52,76,50,40,50,79,58,73,62,64,54,78,63,50,65,58,75,67,60,40,66,74,60,78,72,61,77,40,70,54,67,72,66,41,40,54,50,80,70,60,76,48,52,61,80,55,75,63,45,55,70,75,63,70,85
,ST213,71,70,65,57,42,72,54,42,58,52,62,63,74,47,45,50,47,52,55,76,48,50,46,70,50,51,40,71,71,46,40,44,57,75,72,74,63,78,40,66,48,54,52,47,40,52,46,43,50,79,61,62,54,58,58,80,68,62,57,56,51,69,71,70,79,58
,ST214,57,52,68,41,40,64,60,51,40,46,53,51,47,52,48,40,71,53,64,41,65,42,40,41,50,49,41,41,56,55,40,40,57,52,56,60,65,81,55,67,67,54,56,61,51,43,57,46,61,73,54,64,46,58,54,72,64,71,54,64,50,74,72,57,73,53
,ST215,66,71,60,46,60,45,57,68,66,48,59,78,81,67,58,41,45,61,57,68,40,50,51,41,51,63,53,58,65,74,52,66,62,42,59,81,65,54,43,60,43,61,68,66,40,73,43,42,54,76,62,84,51,64,45,80,64,68,63,71,60,77,70,60,76,72
,ST216,42,69,47,40,40,61,54,44,56,46,52,40,43,59,40,46,78,53,62,62,51,50,41,41,50,46,40,61,47,40,50,40,44,50,74,59,45,68,40,62,41,51,49,53,54,44,46,41,54,71,51,54,51,44,50,55,64,60,59,57,48,74,74,54,71,40
,ST217,71,71,58,43,40,57,50,41,59,46,66,46,77,45,40,59,60,55,50,69,55,56,54,51,50,47,46,48,67,62,52,45,49,43,64,71,54,70,42,66,48,58,52,57,40,48,51,40,80,73,60,62,55,47,43,64,60,48,53,48,47,75,70,65,73,64
,ST218,70,73,46,50,40,75,60,47,53,42,42,44,81,45,52,63,67,71,61,76,49,68,62,41,52,65,51,72,62,50,41,42,43,46,61,66,63,72,45,55,52,60,72,48,41,61,40,42,60,70,57,62,44,61,44,65,57,83,66,74,73,75,70,65,70,63
,ST219,63,40,40,40,50,50,40,71,40,40,48,40,40,52,44,44,56,53,60,58,40,50,40,42,65,42,46,40,40,48,62,40,42,41,46,50,53,52,46,65,53,46,52,46,51,45,46,57,51,75,40,41,59,47,47,49,40,65,43,65,57,72,78,47,75,53
,ST220,50,42,47,40,41,40,50,44,41,48,40,40,40,40,42,40,43,54,40,58,40,50,47,40,40,51,51,43,47,40,45,41,48,57,48,60,56,64,57,60,41,52,40,51,52,45,50,57,55,78,50,50,53,45,66,53,54,63,58,78,61,62,82,54,78,54
,ST221,64,40,40,41,57,50,47,40,40,43,48,50,45,40,40,61,64,64,50,58,40,60,40,42,66,42,54,51,63,40,41,41,48,46,60,71,53,50,53,68,57,54,62,41,46,50,40,59,55,80,53,60,47,54,55,57,50,56,47,70,48,74,78,43,80,50
,ST222,48,44,50,41,65,40,40,47,40,44,40,41,40,43,42,40,76,62,50,53,40,40,41,50,44,50,44,40,55,46,40,40,45,56,41,53,56,60,49,60,44,55,40,51,40,44,50,41,55,69,46,45,40,54,59,46,40,63,49,67,58,64,77,57,69,44
,ST223,59,57,50,45,50,51,51,54,40,56,40,40,47,58,45,41,53,56,52,60,52,40,46,40,51,47,47,80,50,45,43,41,52,43,66,51,51,61,45,47,47,75,56,47,41,40,40,47,46,69,46,48,45,58,48,45,53,59,53,45,50,75,73,50,69,60
,ST224,61,72,66,40,49,64,72,63,50,40,50,54,86,48,51,50,62,54,60,66,59,49,54,57,55,51,57,75,46,55,41,50,58,66,56,51,77,82,52,63,48,54,61,61,41,40,43,53,70,72,67,45,61,50,44,83,50,66,68,63,74,74,76,70,72,54
,ST225,50,64,73,49,42,67,64,54,67,70,54,61,76,75,69,76,60,50,62,64,68,56,77,90,50,63,40,76,72,70,64,55,53,62,80,60,80,84,40,54,67,68,68,53,52,40,46,59,66,72,53,83,42,55,58,82,54,75,53,46,44,69,71,77,72,57
,ST226,66,55,54,65,44,73,56,45,42,60,40,56,40,40,45,41,50,57,40,40,52,42,51,62,50,55,45,43,42,41,44,40,43,72,64,78,71,73,40,53,54,52,73,57,40,60,46,40,70,84,57,61,40,47,40,78,61,66,54,65,40,75,70,52,84,50
,ST227,55,66,79,61,53,75,60,66,66,52,74,80,60,71,48,66,90,66,77,61,51,50,88,71,50,63,60,78,66,63,40,56,51,65,67,73,65,69,54,74,71,66,70,57,45,40,40,45,78,73,61,72,54,50,58,74,53,80,70,67,65,69,72,83,73,55
,ST228,49,78,50,40,40,73,41,43,40,48,40,40,40,41,40,70,53,71,70,40,42,40,46,42,50,50,40,71,57,41,40,40,56,40,64,52,63,65,40,64,54,52,65,50,42,51,60,44,60,72,57,65,55,52,61,70,63,69,62,57,53,76,72,51,72,50
,ST229,83,43,73,43,52,76,56,60,65,50,60,77,57,53,60,91,60,72,71,66,74,84,81,72,50,66,48,80,74,60,40,57,69,60,70,80,75,86,41,71,71,60,77,70,49,60,54,56,59,80,64,51,61,52,75,61,68,84,73,71,74,74,71,77,80,65
,ST230,73,64,55,50,40,74,40,50,45,42,48,53,73,40,44,40,71,70,57,54,54,60,51,42,59,48,45,68,45,40,44,40,42,46,59,45,51,61,47,67,50,62,62,50,41,40,46,50,60,73,57,48,54,58,45,61,51,70,57,63,61,77,71,51,73,61
,ST231,49,52,50,42,40,53,61,46,53,50,40,45,51,40,40,45,53,66,55,71,40,40,51,55,50,61,54,78,67,50,40,40,66,62,68,77,73,85,40,75,56,66,70,66,58,53,51,51,60,83,62,67,54,55,61,77,83,69,61,70,85,74,72,57,83,71
,ST232,72,62,79,50,46,68,40,46,42,44,51,56,53,50,48,76,53,45,62,62,51,52,64,72,58,58,40,76,55,46,55,50,57,43,61,56,51,75,40,79,59,75,58,70,49,40,46,40,50,72,58,48,45,55,40,83,50,66,47,55,51,69,73,64,72,68
,ST233,60,64,52,45,40,68,55,40,44,44,51,40,40,48,40,40,48,48,62,67,48,41,41,46,55,53,40,52,53,45,40,40,56,50,69,51,44,68,40,49,47,61,67,53,46,56,46,47,50,78,48,70,49,47,63,78,50,70,56,70,51,74,71,45,78,57
,ST234,73,69,70,46,79,65,69,57,52,50,71,65,77,61,53,47,100,78,74,74,51,58,83,62,50,62,51,84,64,70,60,70,66,64,67,66,40,79,59,72,77,61,71,70,50,41,81,51,57,75,70,77,61,50,70,74,64,68,60,62,60,74,75,57,75,86
,ST235,76,64,61,42,52,69,55,40,49,52,49,40,51,75,40,50,51,57,61,68,41,40,40,74,55,63,46,53,63,45,65,40,59,64,61,53,72,74,44,71,46,67,64,61,41,41,74,42,50,71,51,77,51,64,42,82,54,76,56,67,60,74,72,62,71,58
,ST236,58,64,58,40,51,78,41,40,61,52,62,49,56,66,54,40,50,61,70,66,58,64,75,42,52,54,51,63,71,60,40,60,56,40,61,71,81,67,40,58,40,67,64,70,77,40,51,56,55,74,52,61,51,61,54,65,53,64,59,63,57,69,70,50,74,70
,ST237,62,74,67,41,40,59,62,78,41,44,41,40,91,55,62,50,57,77,72,78,49,50,70,66,50,58,65,72,64,50,60,50,64,72,69,66,71,62,43,68,68,62,70,50,41,40,74,42,46,81,65,61,64,61,54,61,50,68,64,58,80,78,75,60,81,70
,ST238,53,56,61,41,78,70,69,40,40,42,40,40,55,55,41,47,43,55,70,68,48,57,45,50,50,55,42,56,46,40,60,43,63,70,66,61,64,68,52,69,48,60,57,47,40,41,57,42,50,70,49,58,58,58,50,62,50,68,47,72,54,74,75,50,70,57
,ST239,63,56,56,45,44,71,64,50,59,44,57,45,86,72,62,53,47,52,81,78,61,59,70,80,50,62,53,64,71,73,50,53,65,72,66,70,71,97,41,68,56,67,66,50,61,47,54,53,60,80,61,81,55,52,51,78,50,75,65,70,68,74,66,72,80,61
,ST240,59,66,45,45,40,63,58,51,47,46,58,40,48,70,43,50,50,57,62,60,42,40,41,46,50,51,44,63,41,50,40,40,42,40,69,62,61,68,40,53,48,66,53,47,42,40,46,40,50,69,48,48,51,61,40,67,50,67,52,67,57,77,72,54,69,74
,ST241,51,59,64,40,49,66,49,54,49,52,71,40,60,83,51,63,52,60,54,72,56,64,71,50,63,70,55,62,64,71,40,54,56,46,72,73,70,70,52,76,59,71,54,57,60,47,51,53,80,74,60,72,56,58,57,72,67,71,59,71,65,74,76,60,74,64
,ST242,64,71,83,60,60,75,42,61,50,44,92,87,84,60,61,66,62,51,68,66,68,64,90,56,61,66,50,68,78,60,70,54,61,45,59,70,82,55,40,59,50,54,69,48,48,40,66,57,80,74,53,58,52,58,54,63,50,76,64,63,60,77,71,64,74,64
,ST243,69,57,64,57,53,59,62,44,57,56,62,66,67,60,49,57,67,57,76,58,56,66,70,56,50,66,61,59,53,50,40,46,69,65,59,65,53,82,46,73,50,67,76,66,76,51,46,59,60,80,63,79,46,58,57,74,66,77,71,76,83,74,74,74,80,76
,ST244,60,57,62,45,44,65,46,48,47,52,57,50,63,56,40,43,43,57,57,62,42,40,45,45,56,41,40,54,55,41,64,40,40,43,61,56,79,57,40,69,40,65,57,50,52,40,40,53,49,70,51,62,44,52,55,68,45,74,48,44,45,69,73,45,70,40
,ST245,66,54,78,41,68,74,67,55,64,62,76,73,95,55,62,60,73,72,70,64,75,74,85,71,50,56,46,54,46,62,45,60,73,71,81,67,73,92,47,86,88,70,75,83,52,58,57,77,78,75,72,84,71,64,66,88,68,77,65,75,83,74,72,73,75,75
,ST246,67,60,65,56,53,73,44,52,66,46,62,67,91,65,59,54,62,76,70,68,81,79,76,80,57,45,56,78,62,60,60,64,66,57,78,76,62,84,40,64,67,75,70,57,66,70,66,43,70,75,51,75,61,58,65,60,60,63,62,58,60,69,75,65,75,75
,ST247,54,58,77,45,42,68,57,50,46,50,50,68,66,68,45,60,67,55,57,60,66,51,71,65,52,59,60,58,62,61,53,53,68,41,64,78,75,82,50,71,66,65,66,61,42,63,46,40,70,68,51,62,58,47,48,58,67,70,52,77,75,74,73,77,68,64
,ST248,68,60,65,55,60,76,63,44,49,58,55,48,71,79,40,79,51,60,66,68,40,66,61,46,50,51,56,67,58,66,40,40,63,61,69,53,57,84,42,71,47,73,70,53,53,61,70,51,78,82,72,50,48,58,60,66,68,79,61,80,71,74,73,77,82,55
,ST249,70,60,41,41,69,66,60,41,46,46,40,51,60,50,43,48,51,47,61,66,58,40,46,40,50,62,40,57,52,40,50,40,45,50,72,41,53,62,50,60,40,61,62,50,42,55,51,50,45,70,46,48,55,47,48,74,50,65,44,52,48,77,72,40,70,57
,ST250,63,56,75,45,49,78,50,68,70,44,59,79,92,53,61,89,89,63,61,52,59,56,84,64,50,53,40,57,54,51,50,56,53,42,61,77,75,78,44,78,55,62,60,66,40,40,51,54,70,78,65,61,59,64,43,70,64,61,57,55,58,74,72,67,78,59
,ST251,63,61,56,40,40,60,61,40,40,50,43,42,66,45,53,56,45,50,61,68,46,41,41,42,50,62,50,64,43,60,57,42,46,59,50,44,62,71,40,77,40,68,60,40,44,50,51,55,53,77,57,48,41,52,46,58,50,68,50,52,53,75,72,60,77,41
,ST252,56,52,63,46,46,69,53,45,58,50,58,45,67,62,41,89,50,51,70,78,77,62,41,50,55,62,43,60,61,55,50,40,46,61,53,63,61,90,50,75,58,66,54,57,43,60,51,44,66,83,65,72,58,55,55,78,64,77,59,68,50,74,76,54,83,72
,ST253,72,58,78,60,62,73,67,81,80,78,72,82,94,77,68,76,83,74,84,76,74,58,85,82,57,65,54,84,71,67,61,77,72,72,78,80,62,75,61,80,90,70,76,50,76,83,89,47,70,73,70,78,61,58,66,81,69,72,69,68,91,74,72,65,73,83
,ST254,66,64,74,61,49,79,51,52,70,54,62,65,86,81,73,89,79,67,60,74,54,45,52,50,61,67,52,74,80,51,63,57,61,56,70,52,74,80,50,80,73,73,69,47,43,40,60,43,60,76,61,65,51,58,62,73,66,70,64,65,67,76,73,70,76,67
,ST255,61,64,52,41,40,69,47,53,48,48,53,49,43,61,60,63,62,52,60,62,54,56,51,43,50,55,40,70,41,50,45,40,69,45,68,41,54,65,40,55,46,54,72,40,48,40,54,54,57,76,60,51,46,47,40,58,55,61,61,65,50,74,80,56,76,62
,ST256,51,58,43,40,42,69,53,40,40,40,40,40,53,40,40,70,45,61,56,50,54,68,41,42,50,48,40,51,52,47,40,42,55,43,64,63,55,61,40,51,61,55,50,40,40,61,74,50,71,71,58,58,51,50,40,78,45,61,44,59,53,76,73,70,71,54
,ST257,70,70,78,60,68,52,51,52,56,48,72,75,90,80,62,57,50,70,66,68,62,54,79,80,52,40,40,77,73,71,60,48,59,70,61,80,62,83,41,70,64,63,70,74,65,60,46,52,80,81,68,75,42,55,50,80,69,74,59,61,65,76,72,82,81,42
,ST258,49,64,55,40,40,70,52,44,51,44,53,40,40,48,40,84,50,65,65,54,52,50,51,71,50,48,47,71,64,64,40,40,46,42,64,62,71,87,40,67,51,64,61,57,45,50,40,42,60,70,54,58,46,61,52,75,51,68,55,61,74,74,75,72,70,65
,ST259,79,58,72,54,40,67,72,61,68,58,70,61,90,50,61,89,74,70,81,70,66,56,70,85,74,60,61,62,57,60,60,60,65,66,80,70,83,97,60,91,86,77,75,83,70,70,60,50,70,78,70,58,66,47,70,78,81,58,59,69,55,74,72,80,78,82
,ST260,79,68,60,41,49,71,51,47,40,42,48,47,71,62,46,50,79,65,61,62,56,56,51,61,50,64,62,72,51,70,40,57,62,53,61,60,63,89,50,68,58,57,60,53,41,41,51,42,60,76,51,75,49,40,40,70,54,68,59,58,61,69,73,70,76,64
,ST261,65,68,44,45,42,60,62,51,50,42,42,51,56,63,47,50,50,54,47,56,51,49,40,41,55,52,54,61,62,40,40,40,68,58,53,47,70,64,40,61,50,71,47,58,41,40,51,50,70,71,60,68,44,61,54,65,65,63,65,54,61,76,70,61,71,54
,ST262,69,53,67,46,46,74,63,51,61,42,47,53,67,58,53,53,87,64,67,60,59,50,50,41,61,64,60,50,53,60,41,62,56,48,70,68,73,77,40,71,64,71,71,66,40,41,60,42,60,76,66,51,75,52,63,76,70,63,59,67,60,78,73,72,76,71
,ST263,76,71,75,50,40,71,50,51,59,50,62,71,80,69,59,79,57,66,80,66,75,78,77,51,50,54,48,83,60,70,70,62,60,55,78,75,80,71,40,77,76,65,62,70,49,40,66,40,67,81,66,79,68,58,57,76,64,66,59,68,83,77,72,78,81,77
,ST264,56,59,45,54,53,75,60,48,63,62,58,52,76,50,40,50,79,58,73,62,64,54,78,63,50,65,58,75,67,60,40,66,74,60,78,72,61,77,40,70,54,67,72,66,41,40,54,50,80,70,60,76,48,52,61,80,55,75,63,45,55,70,75,63,70,85
,ST265,71,70,65,57,42,72,54,42,58,52,62,63,74,47,45,50,47,52,55,76,48,50,46,70,50,51,40,71,71,46,40,44,57,75,72,74,63,78,40,66,48,54,52,47,40,52,46,43,50,79,61,62,54,58,58,80,68,62,57,56,51,69,71,70,79,58
,ST266,57,52,68,41,40,64,60,51,40,46,53,51,47,52,48,40,71,53,64,41,65,42,40,41,50,49,41,41,56,55,40,40,57,52,56,60,65,81,55,67,67,54,56,61,51,43,57,46,61,73,54,64,46,58,54,72,64,71,54,64,50,74,72,57,73,53
,ST267,66,71,60,46,60,45,57,68,66,48,59,78,81,67,58,41,45,61,57,68,40,50,51,41,51,63,53,58,65,74,52,66,62,42,59,81,65,54,43,60,43,61,68,66,40,73,43,42,54,76,62,84,51,64,45,80,64,68,63,71,60,77,70,60,76,72
,ST268,42,69,47,40,40,61,54,44,56,46,52,40,43,59,40,46,78,53,62,62,51,50,41,41,50,46,40,61,47,40,50,40,44,50,74,59,45,68,40,62,41,51,49,53,54,44,46,41,54,71,51,54,51,44,50,55,64,60,59,57,48,74,74,54,71,40
,ST269,71,71,58,43,40,57,50,41,59,46,66,46,77,45,40,59,60,55,50,69,55,56,54,51,50,47,46,48,67,62,52,45,49,43,64,71,54,70,42,66,48,58,52,57,40,48,51,40,80,73,60,62,55,47,43,64,60,48,53,48,47,75,70,65,73,64
,ST270,70,73,46,50,40,75,60,47,53,42,42,44,81,45,52,63,67,71,61,76,49,68,62,41,52,65,51,72,62,50,41,42,43,46,61,66,63,72,45,55,52,60,72,48,41,61,40,42,60,70,57,62,44,61,44,65,57,83,66,74,73,75,70,65,70,63
2014-2015,ST271,72,60,60,55,49,71,56,42,55,60,63,57,94,56,51,54,57,63,60,66,61,40,60,45,42,60,60,64,70,41,40,46,60,72,52,56,86,81,40,72,65,74,57,62,40,75,46,55,43,72,58,65,48,61,40,74,45,56,74,50,78,76,72,62,72,40
,ST272,48,55,62,40,61,64,50,40,40,40,40,40,40,87,41,40,40,50,40,51,40,56,41,40,40,40,44,52,40,40,40,41,45,41,42,41,55,49,40,50,45,55,45,50,40,41,40,49,40,66,51,41,41,45,41,72,42,70,44,58,41,76,72,46,66,40
,ST273,48,48,74,40,52,54,40,40,50,40,40,40,40,40,40,40,48,47,40,40,41,40,44,40,50,46,40,53,42,40,40,40,50,40,57,50,46,40,47,47,53,46,48,51,43,40,59,64,41,66,45,40,62,51,46,79,41,65,43,66,59,69,71,57,61,41
,ST274,45,40,40,40,40,56,48,40,45,48,40,40,41,42,41,40,57,63,54,64,40,49,41,48,52,44,40,60,40,60,71,41,66,40,57,50,53,52,56,43,53,62,50,57,41,40,42,40,45,64,40,45,54,48,50,82,56,46,62,62,57,65,77,45,60,50
,ST275,41,42,50,40,40,67,41,42,40,40,50,40,57,40,40,40,50,46,40,53,44,40,41,41,50,50,40,45,40,40,50,42,40,50,41,41,51,60,40,46,40,65,42,50,40,52,42,42,47,67,46,50,48,47,45,65,44,47,40,66,47,75,71,44,67,55
,ST276,50,58,44,45,69,59,50,40,43,42,47,40,40,44,42,63,52,53,47,53,42,49,51,40,50,44,55,59,40,40,40,40,47,42,50,51,50,65,40,59,56,57,52,40,41,41,47,41,51,75,55,50,48,47,48,56,50,44,47,53,40,76,71,45,75,41
,ST277,41,64,62,48,40,72,54,40,40,52,47,40,40,41,40,42,43,43,45,42,41,40,41,41,50,44,40,53,40,50,40,40,47,60,47,40,61,58,40,65,46,61,45,50,41,51,50,60,40,80,50,58,45,83,52,56,40,60,51,46,51,74,70,55,80,44
,ST278,68,67,63,55,40,61,51,45,45,42,53,43,58,50,54,57,47,63,51,50,40,50,41,51,66,46,40,70,43,50,53,45,46,60,42,70,51,60,42,46,42,63,53,57,40,48,55,58,49,73,54,58,40,55,50,52,50,56,43,52,40,77,72,45,73,57
,ST279,54,67,45,40,61,49,50,47,42,56,40,40,56,45,42,46,90,55,52,75,55,75,50,52,58,55,40,57,42,41,63,40,51,40,50,48,61,60,46,66,45,66,43,47,65,57,48,42,60,70,50,54,40,41,40,58,44,65,64,66,58,74,71,52,70,52
,ST280,56,54,72,40,40,47,46,42,40,40,48,50,50,50,40,40,60,52,40,58,51,54,51,41,55,40,41,55,52,60,71,40,50,46,52,52,54,68,50,51,54,55,53,40,47,50,42,60,40,66,47,45,54,47,48,40,40,56,45,46,47,69,69,66,66,50
,ST281,45,57,50,83,57,61,41,40,51,50,40,40,40,40,46,43,50,51,42,41,46,68,52,49,41,50,43,47,58,40,54,40,49,40,61,53,40,40,59,47,44,79,45,57,52,41,53,41,45,65,40,40,45,44,46,54,42,61,40,50,62,67,74,45,64,41
,ST282,40,70,47,48,40,71,53,40,47,52,40,40,40,40,40,59,48,57,40,41,42,41,41,42,50,50,53,52,51,40,40,40,53,60,42,41,41,63,40,67,41,57,56,47,40,50,47,50,56,68,52,62,41,57,40,49,51,72,50,57,50,74,73,47,68,44
,ST283,63,76,55,65,60,63,40,53,56,46,55,46,57,61,40,45,50,63,50,63,41,40,46,61,50,61,44,62,70,50,50,46,54,63,56,52,72,65,40,68,51,66,59,61,59,65,40,50,40,73,49,58,41,55,40,58,45,64,48,62,47,77,71,55,73,57
,ST284,69,50,43,40,40,49,56,40,40,40,48,40,40,43,41,40,47,47,60,40,41,56,75,41,40,47,47,40,42,40,43,40,61,40,72,70,57,50,59,40,63,51,51,46,51,40,54,45,53,79,72,65,51,51,56,78,52,57,50,71,63,72,71,60,75,52
,ST285,54,63,40,41,55,54,50,42,63,48,41,40,50,56,40,44,50,53,62,72,45,49,40,54,50,62,64,63,42,42,74,40,55,40,61,40,58,76,51,47,70,65,48,50,40,40,44,60,49,70,51,52,45,47,40,88,43,47,50,63,45,74,71,46,70,49
,ST286,46,58,40,44,49,58,40,40,48,48,46,40,41,53,40,40,53,65,64,60,55,41,42,52,50,50,45,57,41,50,40,45,58,44,57,58,55,47,59,40,53,80,51,51,40,42,47,42,53,70,61,75,59,40,49,86,41,70,57,63,59,65,73,51,61,53
,ST287,61,49,43,40,50,72,50,49,47,42,41,40,40,53,40,40,53,74,54,60,40,41,40,83,41,62,40,50,40,40,48,40,48,71,47,49,70,42,55,58,45,65,52,40,41,45,41,40,54,70,40,61,41,63,45,52,65,71,44,64,50,78,74,52,70,42
,ST288,46,73,56,41,66,50,60,44,53,40,47,47,75,49,78,83,68,65,62,81,61,63,69,63,80,62,63,73,70,57,68,65,73,70,72,75,55,62,74,47,70,65,81,73,40,65,71,54,87,79,70,77,59,60,76,71,66,50,73,70,63,76,77,80,63,51
,ST289,50,41,40,40,85,61,52,40,44,53,40,63,64,49,53,50,45,62,52,42,41,63,44,40,47,60,54,50,40,50,69,40,40,40,69,57,52,48,40,41,50,42,61,40,40,62,49,47,53,78,59,50,76,40,55,75,61,50,47,67,51,71,74,58,78,60
,ST290,73,73,61,56,69,76,64,49,68,60,50,66,43,75,85,71,80,67,50,61,75,83,65,61,64,64,65,60,66,68,70,60,58,54,77,78,57,46,61,46,63,65,67,68,44,41,56,42,73,70,76,50,68,57,62,78,66,65,61,58,53,63,72,74,71,62
,ST291,50,67,40,46,78,41,42,41,48,40,54,40,42,40,47,40,50,58,54,41,79,42,40,64,55,60,40,56,48,43,57,40,69,71,65,60,49,45,62,40,63,56,55,51,40,40,64,42,73,71,55,70,40,63,52,61,55,47,59,60,53,70,80,82,65,55
,ST292,42,73,40,41,61,52,52,56,53,40,47,40,64,40,55,62,57,51,56,57,51,42,65,74,58,60,42,49,60,57,70,60,63,61,69,70,56,46,62,43,71,69,57,68,42,55,86,46,71,70,76,72,54,57,73,70,65,49,74,70,63,74,80,84,65,67
,ST293,45,64,40,64,69,41,55,57,46,40,45,40,52,80,59,62,80,67,62,70,64,56,67,64,52,65,51,64,60,64,74,60,68,64,61,62,57,67,71,43,61,76,59,73,49,71,73,47,76,65,68,61,40,65,56,87,69,64,77,60,70,70,75,77,63,51
,ST294,51,42,47,42,44,40,40,40,42,40,46,40,40,40,40,40,70,61,44,61,40,56,43,40,45,45,40,40,42,40,55,40,49,50,41,68,53,60,59,40,50,75,45,62,41,40,68,40,64,68,67,75,62,48,68,81,41,60,55,61,53,71,78,55,61,60
,ST295,51,45,89,42,52,62,40,40,52,45,44,40,44,50,40,51,51,62,40,40,40,79,63,50,60,51,40,40,65,55,49,40,65,40,69,40,51,40,58,47,55,45,40,51,41,42,60,45,47,70,40,52,56,63,52,76,54,51,53,60,40,69,68,47,60,67
,ST296,45,56,57,53,54,51,51,40,53,42,40,40,62,67,58,55,50,65,63,54,54,56,42,49,53,58,50,46,42,47,70,40,60,64,72,55,49,60,62,49,50,59,71,63,51,57,64,40,63,65,69,50,59,60,53,78,45,54,64,65,62,67,73,60,60,53
,ST297,50,67,57,51,49,70,60,40,52,46,48,47,62,86,45,62,51,51,44,43,40,41,40,57,49,64,50,54,63,60,46,55,66,64,65,78,52,52,40,50,60,55,50,68,52,41,65,42,63,74,60,46,51,45,60,73,74,58,59,58,45,67,75,63,68,63
,ST298,41,61,53,50,40,62,50,45,46,40,50,40,72,67,57,64,47,62,75,57,58,40,51,59,58,60,50,66,77,61,64,50,66,64,65,75,42,57,57,46,58,70,48,68,40,61,66,43,40,80,55,63,45,54,48,79,45,67,67,73,45,70,72,70,78,60
,ST299,50,82,69,41,44,62,53,50,44,55,47,53,50,84,70,81,84,76,68,73,55,56,53,64,40,63,54,68,62,67,64,62,67,60,69,68,47,71,71,51,55,65,72,68,41,72,62,57,73,68,74,50,54,60,66,78,56,58,60,60,58,69,80,72,63,63
,ST300,40,55,75,49,61,62,46,40,55,41,44,57,51,40,40,42,67,73,72,64,51,60,42,48,50,60,46,54,58,70,57,63,62,54,81,76,55,53,69,50,58,76,63,63,41,42,61,46,64,68,53,72,59,60,52,76,59,53,68,62,62,75,75,51,70,61
,ST301,40,48,47,42,52,60,47,40,51,40,40,41,46,51,40,43,58,55,51,50,54,49,40,40,53,57,45,48,48,50,52,46,62,71,52,65,55,57,69,43,53,79,45,50,60,40,70,42,56,71,70,50,40,45,53,71,61,50,60,52,50,68,74,72,65,60
,ST302,50,48,69,89,61,46,42,40,55,46,44,40,40,40,41,46,67,51,52,46,52,56,64,54,40,52,55,53,62,50,65,42,56,67,57,54,59,50,73,40,64,81,58,68,46,40,76,48,71,75,65,74,62,63,73,83,58,63,65,75,59,69,80,57,74,51
,ST303,41,70,62,77,52,57,51,48,51,50,62,50,72,40,73,47,88,67,56,63,59,69,54,70,62,50,50,52,69,72,85,65,73,71,77,70,57,47,71,46,73,83,46,76,43,62,55,57,60,64,75,40,56,57,55,79,61,46,60,47,53,67,71,76,63,67
,ST304,40,66,47,60,78,51,47,41,54,50,41,40,57,69,62,44,58,47,73,64,52,56,60,46,56,60,53,63,66,60,83,46,68,70,81,63,52,62,64,43,64,77,60,76,40,71,80,44,64,71,71,60,65,57,70,78,69,64,76,60,53,71,68,72,70,55
,ST305,41,61,59,40,40,63,54,46,50,42,40,40,68,73,52,62,68,51,54,47,63,67,60,56,41,60,50,66,65,40,59,41,53,40,72,53,48,40,64,46,54,63,51,61,52,55,58,48,70,79,76,65,42,60,73,86,66,66,69,66,84,75,74,74,64,63
,ST306,41,55,47,40,44,76,42,40,50,47,51,40,50,49,40,41,57,55,61,53,48,56,43,53,43,61,56,65,59,45,73,40,61,56,65,64,40,52,71,46,50,77,56,73,43,40,66,43,60,70,52,50,62,57,80,77,65,64,70,55,50,69,67,64,68,51
,ST307,50,66,54,40,49,47,46,40,43,46,43,50,70,66,40,58,77,40,52,61,52,49,53,67,62,53,40,60,42,61,83,50,58,84,51,60,59,70,71,40,73,66,75,73,71,40,86,48,60,70,50,42,62,54,69,78,55,45,49,60,59,66,77,71,56,55
,ST308,53,75,67,80,52,66,60,48,67,70,75,63,89,81,84,72,68,65,63,62,76,73,89,89,71,60,60,78,76,80,84,68,72,76,92,72,55,68,74,47,84,86,89,71,51,89,86,71,71,76,91,86,82,57,90,86,75,71,82,70,77,73,78,86,76,70
,ST309,47,61,68,44,52,40,51,40,42,46,43,43,68,79,66,76,47,58,54,67,45,54,64,48,49,60,51,60,65,60,76,60,64,40,61,58,53,44,40,44,60,63,60,46,42,41,56,40,53,70,40,51,56,57,52,77,50,62,45,60,40,71,70,45,56,48
,ST310,50,54,47,59,49,71,60,44,45,40,40,40,45,79,47,52,58,51,64,46,41,41,40,46,40,58,43,51,40,60,53,41,53,60,65,66,44,62,62,47,50,67,48,63,50,55,65,60,70,66,47,63,68,57,56,81,54,49,67,54,58,66,73,70,53,53
,ST311,40,47,46,41,52,55,60,54,46,41,42,57,58,56,40,51,41,41,48,50,74,78,48,44,40,68,45,52,53,50,52,50,59,63,57,50,47,53,56,41,44,53,53,57,49,44,66,60,64,73,60,41,42,40,59,61,51,53,56,70,45,71,72,64,70,42
,ST312,60,58,62,62,66,51,51,56,45,42,77,52,52,63,65,54,53,58,48,45,56,69,45,40,52,60,40,40,48,50,40,58,53,66,57,63,60,40,67,44,57,51,51,68,40,43,40,50,44,73,55,46,42,63,60,64,61,51,56,66,45,65,75,67,66,46
,ST313,50,70,47,53,57,47,51,40,43,45,40,40,56,80,72,70,68,62,67,54,48,68,42,60,54,64,50,53,63,77,72,80,75,61,77,84,53,64,70,47,73,76,53,73,42,55,68,48,60,68,77,57,68,60,65,72,46,66,70,68,59,65,70,71,61,54
,ST314,51,63,58,40,49,45,51,41,44,45,42,40,40,45,40,41,77,44,57,52,40,49,59,40,52,51,40,62,65,60,67,60,41,53,51,56,53,41,62,46,50,66,56,68,40,40,64,42,45,70,62,65,74,60,73,83,48,66,69,63,54,72,68,64,61,54
,ST315,50,62,40,43,57,40,54,40,49,40,44,40,57,57,49,41,58,58,57,48,48,41,40,65,48,57,55,65,53,50,58,40,69,66,65,60,53,59,70,47,53,55,63,68,40,42,73,42,45,78,59,51,54,57,53,70,64,61,70,60,51,70,72,66,63,52
,ST316,50,81,68,43,49,54,45,53,62,50,67,56,63,60,65,60,64,65,55,40,41,60,63,55,54,50,41,58,63,50,77,47,56,63,65,65,56,59,67,50,58,66,74,68,40,52,77,49,64,66,65,54,59,65,48,68,61,50,66,63,53,69,67,80,61,51
,ST317,43,46,40,40,40,45,51,40,44,51,42,40,62,60,40,40,53,40,48,43,44,56,50,46,40,72,40,40,60,60,55,50,68,69,57,53,52,53,63,40,64,59,58,61,42,41,51,45,40,65,75,40,56,43,40,85,51,55,75,67,45,63,73,74,64,52
,ST318,50,71,62,50,40,48,45,45,40,NA,NA,40,40,40,40,NA,58,40,65,65,40,41,50,42,40,46,40,40,42,40,55,40,47,40,40,52,53,54,44,65,44,51,50,40,44,40,40,44,60,72,46,45,40,47,48,57,40,55,47,58,47,72,78,43,72,47
,ST319,62,62,51,40,40,40,51,41,48,NA,NA,51,43,40,40,NA,56,48,72,56,40,40,57,41,50,56,50,40,66,40,52,40,58,56,57,62,52,54,52,68,70,46,50,50,40,40,70,42,66,72,47,45,40,51,60,62,46,64,52,64,66,60,74,54,72,48
,ST320,62,62,51,40,40,40,51,41,48,NA,NA,51,43,40,40,NA,56,48,72,56,40,40,57,41,50,56,50,40,66,40,52,40,58,56,57,62,52,54,52,68,70,46,50,50,40,40,70,42,66,72,47,45,40,51,60,62,46,64,52,64,66,60,74,54,72,48
,ST321,43,51,40,40,40,45,50,40,42,NA,NA,48,41,40,68,NA,56,40,40,62,40,54,44,40,46,64,41,40,76,57,55,45,40,53,44,64,72,72,54,54,52,55,58,50,73,40,52,40,57,67,46,45,51,58,55,65,43,65,58,56,40,74,72,55,67,61
,ST322,54,48,54,50,40,66,65,40,43,NA,NA,40,40,40,40,NA,50,56,70,62,48,40,40,41,43,65,45,56,45,40,50,40,50,49,50,47,51,64,45,50,48,71,53,50,45,50,50,50,51,70,53,58,54,58,50,57,55,67,56,69,44,77,71,46,70,47
,ST323,40,49,40,40,75,70,42,41,40,NA,NA,42,40,40,50,NA,50,50,52,54,48,40,40,45,50,47,40,43,42,40,58,40,40,46,61,41,51,58,50,73,60,63,47,40,40,40,57,54,66,70,52,40,48,55,45,64,40,70,42,59,57,74,71,40,70,45
,ST324,61,59,54,40,40,58,50,42,40,NA,NA,40,42,61,40,NA,50,55,55,69,46,56,44,46,50,60,45,64,54,47,41,40,48,40,66,70,74,44,50,77,63,61,53,61,42,48,44,50,40,75,46,53,44,50,47,61,45,66,40,65,43,78,73,45,75,47
,ST325,65,61,45,54,52,55,40,40,41,NA,NA,42,40,40,51,NA,43,43,52,60,40,41,46,52,50,50,40,56,42,43,41,40,50,40,40,44,52,52,40,49,40,67,51,50,45,40,42,45,40,67,46,40,40,55,43,54,40,59,41,59,40,69,64,47,67,41
,ST326,41,66,55,41,52,68,42,40,40,NA,NA,46,40,40,50,NA,40,60,54,66,40,52,41,40,44,42,42,54,40,40,50,40,40,44,45,42,41,55,40,55,42,50,64,50,40,40,40,50,49,69,46,40,40,47,55,51,55,60,52,56,50,76,71,52,69,48
,ST327,56,57,74,44,51,69,64,43,58,NA,NA,50,40,45,87,NA,60,70,70,70,49,50,45,51,50,54,50,63,60,41,40,42,63,50,75,61,55,73,40,64,60,71,68,66,41,41,45,63,49,69,48,55,51,44,60,50,60,73,58,71,40,74,76,45,69,70
,ST328,56,68,64,40,66,62,46,41,40,NA,NA,40,45,47,40,NA,47,75,61,41,49,48,40,41,55,40,40,68,43,50,40,40,69,64,53,53,46,76,55,68,57,60,69,66,41,40,40,54,51,75,57,73,56,55,41,64,50,71,48,64,40,69,76,50,75,57
,ST329,41,72,46,42,53,56,42,40,43,NA,NA,42,55,40,94,NA,60,60,65,46,54,61,63,50,50,57,41,46,56,60,40,40,56,50,55,57,60,66,40,67,48,60,62,53,48,40,52,50,57,69,51,77,59,50,40,52,53,67,52,57,40,76,71,64,69,50
,ST330,45,68,51,43,57,64,62,43,40,NA,NA,48,40,40,40,NA,90,64,70,58,53,45,41,64,50,61,58,70,42,40,40,40,58,44,66,48,41,51,47,66,50,73,59,40,40,45,50,50,51,76,48,46,40,55,46,43,55,54,44,54,40,76,72,50,76,56
,ST331,62,47,70,45,40,76,53,55,48,NA,NA,46,43,59,40,NA,46,60,57,70,45,59,50,50,50,62,54,58,61,62,51,43,58,57,66,47,75,78,46,79,61,70,70,40,40,54,74,60,49,71,60,61,48,50,47,80,67,76,63,69,45,76,73,76,71,49
,ST332,76,62,54,41,40,49,50,44,40,NA,NA,40,49,60,54,NA,51,40,67,53,44,49,47,42,50,62,40,70,68,51,42,40,49,61,45,52,43,54,40,50,43,64,49,40,48,61,40,60,58,74,60,64,65,52,57,61,65,65,57,51,45,76,71,62,74,66
,ST333,72,63,70,42,40,73,42,40,40,NA,NA,46,46,41,40,NA,45,71,71,50,40,40,52,49,40,40,43,40,40,50,40,50,54,51,64,60,61,46,56,48,60,56,58,53,40,40,40,40,60,72,48,55,71,58,70,77,43,73,57,64,55,78,67,70,72,53
,ST334,80,70,70,48,42,61,66,57,57,NA,NA,46,61,49,81,NA,47,71,45,72,55,40,46,41,58,49,60,56,62,71,46,45,61,64,69,61,61,63,41,67,40,67,62,50,50,53,52,50,54,81,48,40,46,47,56,72,50,68,53,54,40,77,71,53,81,53
,ST335,56,70,47,41,44,73,52,50,40,NA,NA,46,40,47,40,NA,50,70,60,66,46,53,40,41,50,63,55,70,52,42,40,40,48,63,47,45,63,69,42,60,40,62,56,66,42,41,44,60,40,82,51,54,59,55,59,65,50,59,49,63,48,77,70,70,82,56
